forced_edge_u,forced_edge_v,forced_edge_node_u,forced_edge_node_v,status,forced_edge_cost,closure_upper,path_upper,declared_baseline_cycle_lower_bound,safe_gain_lower,safe_kappa_lower,safe_threshold_crossed,lkh_returncode,lkh_wall_seconds,hamiltonicity_verified,forced_edge_verified,baseline_path_membership_verified,objective_recomputed_independently,exact_hamiltonian_path_solved,exact_kappa_computed,resumed,error,task_key
0,6,1,7,verified_closure_witness,181,42381,42200,42231.0,-150.0,0.1712707182320442,False,0,0.5672836999874562,True,True,True,True,False,False,False,,9b31e01f6bc92c160e0bbc23d7cbb05e2fb51fbd8cad5392e8ea90799d06de95
0,9,1,10,verified_closure_witness,299,42421,42122,42231.0,-190.0,0.36454849498327757,False,0,1.4664586000144482,True,True,True,True,False,False,False,,370d3a4a91b5bfb3ce4e08c36ba24685af4fefb5f2db7c76aced49103f159b10
0,10,1,11,verified_closure_witness,331,42518,42187,42231.0,-287.0,0.13293051359516617,False,0,2.173848900012672,True,True,True,True,False,False,False,,9bfeae7bd6c7c02a96747af0b2943226611002198bbca18f2d0bc633fb638c6a
1,6,2,7,verified_closure_witness,150,42381,42231,42231.0,-150.0,0.0,False,0,0.5448773000389338,True,True,True,True,False,False,False,,9abb010440ee4eccf2bd9e58090b4e4d976746bbf349d855b9b597d60c743b0a
1,9,2,10,verified_closure_witness,268,42421,42153,42231.0,-190.0,0.291044776119403,False,0,1.0567485999781638,True,True,True,True,False,False,False,,7fdad6c8e5269443ba6e075a10869408b3e12e9f6ef3eb0f8a91953bf78cda4a
1,10,2,11,verified_closure_witness,300,42518,42218,42231.0,-287.0,0.043333333333333335,False,0,1.3076504999771714,True,True,True,True,False,False,False,,7056d08aedf0deec9bcf7c81242f50af43d8048c8cd9479b0d2c9aaf961d290e
3,114,4,115,verified_closure_witness,226,42289,42063,42231.0,-58.0,0.7433628318584071,False,0,1.009216499980539,True,True,True,True,False,False,False,,5a89fb4bf3e2a2b61c6a4bb33be95f8ff3c8e571d160a70bfc5a36db36749f6a
3,115,4,116,verified_closure_witness,253,42336,42083,42231.0,-105.0,0.5849802371541502,False,0,0.4103953999001533,True,True,True,True,False,False,False,,97100ef15aea7e0ffbc4508203eb4e7d9a4c180fb537017466e1550ea87d150f
4,106,5,107,verified_closure_witness,219,42228,42009,42231.0,3.0,1.0136986301369864,True,0,0.9313713998999447,True,True,True,True,False,False,False,,92a9e0768a161d083011bc332d8bf39ab28760a9ee309bb45b774d525760936b
4,110,5,111,verified_closure_witness,187,42207,42020,42231.0,24.0,1.1283422459893049,True,0,0.6375931000802666,True,True,True,True,False,False,False,,8b2eed3ec529a4d3fd0254f185be6dce1893f8fd807a4105dad3fdcd4f11ab3d
5,9,6,10,verified_closure_witness,149,42618,42469,42231.0,-387.0,-1.5973154362416107,False,0,2.213915500091389,True,True,True,True,False,False,False,,61e475c7f1c427c3cb2cf751f31278b8cdef15e6bec294184ded18a673587391
5,10,6,11,verified_closure_witness,181,42497,42316,42231.0,-266.0,-0.4696132596685083,False,0,1.815623100148514,True,True,True,True,False,False,False,,8494c84d46c77279e099ad244c65c607f1d46779e480ea6b27d489e49053a744
6,10,7,11,verified_closure_witness,150,42328,42178,42231.0,-97.0,0.35333333333333333,False,0,1.6297023000661284,True,True,True,True,False,False,False,,e45a909175fd6315d979f88669c72c6c4992d0393decc544e5e0106930f624d0
6,14,7,15,verified_closure_witness,297,42541,42244,42231.0,-310.0,-0.04377104377104377,False,0,0.8791257999837399,True,True,True,True,False,False,False,,dfc7e7eff740edcff2c5d513c051869949a915ac8e81403a3ab542843bd9a5c4
7,16,8,17,verified_closure_witness,331,42284,41953,42231.0,-53.0,0.8398791540785498,False,0,0.7163601000793278,True,True,True,True,False,False,False,,7e2c6473219d7f3e7d7ba02220696affcab23deb06b2e8826266a0bb21685d2a
7,17,8,18,verified_closure_witness,363,42376,42013,42231.0,-145.0,0.6005509641873278,False,0,0.5179433000739664,True,True,True,True,False,False,False,,b439ab883a149509f8a2d9cd328ca6971eca11abe8f332fedaa0c2c925378e76
8,11,9,12,verified_closure_witness,398,42290,41892,42231.0,-59.0,0.8517587939698492,False,0,0.6738364999182522,True,True,True,True,False,False,False,,f8e02b8223c600693b2ee388e1c1082a0c152408aee2afa69e787d4013c28f66
8,17,9,18,verified_closure_witness,363,42408,42045,42231.0,-177.0,0.512396694214876,False,0,2.7524409000761807,True,True,True,True,False,False,False,,8ede810b0a3aa24459cefb98f3f5d6fb5ef609da8daeb635819bd832a4e6f4f7
9,14,10,15,verified_closure_witness,188,42496,42308,42231.0,-265.0,-0.4095744680851064,False,0,0.8710807999596,True,True,True,True,False,False,False,,ac075be3cdeae2499ba0feefeddf56e05e4d500ba69b4c470e990197789446c3
9,20,10,21,verified_closure_witness,285,42562,42277,42231.0,-331.0,-0.16140350877192983,False,0,1.0115046000573784,True,True,True,True,False,False,False,,5db9fd61a327a1ce79e4ea8b9fa9727725a6771190d2b168eb3ea69afe97f458
10,102,11,103,verified_closure_witness,260,42341,42081,42231.0,-110.0,0.5769230769230769,False,0,1.9718894998077303,True,True,True,True,False,False,False,,4df7e2b2a3202edfe5f31bf4b1dafac702e9510f87c55518e90c78678ca3b04e
11,22,12,23,verified_closure_witness,235,42302,42067,42231.0,-71.0,0.6978723404255319,False,0,0.6830659999977797,True,True,True,True,False,False,False,,e2a6b10b481acb3035ad6d0ca02b092aa937ee7bbf12ca4b350ac75be33d1019
11,23,12,24,verified_closure_witness,260,42305,42045,42231.0,-74.0,0.7153846153846154,False,0,0.6725649000145495,True,True,True,True,False,False,False,,ab802b190697c80ce9a9623b9592563f471e844c66235331d789e2b9aa04ad33
12,111,13,112,verified_closure_witness,267,42359,42092,42231.0,-128.0,0.5205992509363296,False,0,0.628126900177449,True,True,True,True,False,False,False,,cf076727f398dae178d997bdd283693128362416515ab643a219cbe179367fba
13,114,14,115,verified_closure_witness,240,42279,42039,42231.0,-48.0,0.8,False,0,2.886497200001031,True,True,True,True,False,False,False,,d6bbafd8f6b0964ff707bebf3c7745b7227abc44e6691b9d279ac624ebcf4546
13,115,14,116,verified_closure_witness,221,42198,41977,42231.0,33.0,1.1493212669683257,True,0,1.7108076999429613,True,True,True,True,False,False,False,,ecfe79f469b23c8b2a9dc6357132f7e984dc84212144060ba1040bac8a71dfc5
13,119,14,120,verified_closure_witness,275,42186,41911,42231.0,45.0,1.1636363636363636,True,0,0.7542612000834197,True,True,True,True,False,False,False,,c71738477e1290a84646706a52978ba836976eb9950e0f70e3a3ba1e7e16e974
14,21,15,22,verified_closure_witness,142,42355,42213,42231.0,-124.0,0.1267605633802817,False,0,0.8695996000897139,True,True,True,True,False,False,False,,00d0aee0d90a2f3ce7b9cfc781a602c4556804201e5e3945140bd9811713b273
14,28,15,29,verified_closure_witness,174,42255,42081,42231.0,-24.0,0.8620689655172413,False,0,0.967480800114572,True,True,True,True,False,False,False,,b18f7c1cb390d2d404cc58cae3fa448e1fa3ce198e059ccf8922b71c9d632d8e
15,23,16,24,verified_closure_witness,164,42291,42127,42231.0,-60.0,0.6341463414634146,False,0,1.6503972001373768,True,True,True,True,False,False,False,,04689eab87e7c17c3d45667f3fa223581bdb286d74fe97f1740b5e2c8e2232b1
15,24,16,25,verified_closure_witness,97,42286,42189,42231.0,-55.0,0.4329896907216495,False,0,2.155772800091654,True,True,True,True,False,False,False,,43b33ad4cada70f2a627b9a880742539f1891e3760a79be50c5190c445b2c9cf
15,25,16,26,verified_closure_witness,128,42257,42129,42231.0,-26.0,0.796875,False,0,0.8222237001173198,True,True,True,True,False,False,False,,02c7321eb7f8b1c7389753d3106713d1e290bd7ed433915b7f7e8d1cc3d71c4e
15,26,16,27,verified_closure_witness,184,42184,42000,42231.0,47.0,1.2554347826086956,True,0,0.6087187000084668,True,True,True,True,False,False,False,,3bdb3474ded0239770cdaa514173f96ccbe36f264c7be2697af60b6384e5dab5
16,18,17,19,verified_closure_witness,241,42296,42055,42231.0,-65.0,0.7302904564315352,False,0,0.689819399965927,True,True,True,True,False,False,False,,d184957b91f752eae37b09d5d3cffb2f6ea822f79b876d1499556c10b2594222
16,23,17,24,verified_closure_witness,251,42347,42096,42231.0,-116.0,0.5378486055776892,False,0,1.4746000999584794,True,True,True,True,False,False,False,,2902aeee3e33e8ece5c1e728766fb9e75c64090dd76b5f1578bc821d4c4a3ea2
17,25,18,26,verified_closure_witness,71,42246,42175,42231.0,-15.0,0.7887323943661971,False,0,0.9640852999873459,True,True,True,True,False,False,False,,85ad2bbbc89ebc2ca3c2238764c15beedf8af8728cce12a847c4183f6ee4b325
17,26,18,27,verified_closure_witness,173,42219,42046,42231.0,12.0,1.069364161849711,True,0,1.6914703000802547,True,True,True,True,False,False,False,,e36fd96b48d8455ea77f218b8f1d4762ce462767c69f0f7c4c476c85c0723768
17,36,18,37,verified_closure_witness,370,42295,41925,42231.0,-64.0,0.827027027027027,False,0,1.0598907000385225,True,True,True,True,False,False,False,,3456ac9a596419fd867df8826b86edb05126c79ff7276781b0e48a2b2b80baa8
18,25,19,26,verified_closure_witness,173,42239,42066,42231.0,-8.0,0.953757225433526,False,0,1.469332099892199,True,True,True,True,False,False,False,,335a6515cad6eb6f3de9d3ef54225bede85896e7583b60b32a669b4621ac710b
18,26,19,27,verified_closure_witness,71,42241,42170,42231.0,-10.0,0.8591549295774648,False,0,1.3687215000391006,True,True,True,True,False,False,False,,4ded152e9c0af4ebb3073e724302cf40f19b1a799aefe25319f305c31e59de64
19,20,20,21,verified_closure_witness,172,42305,42133,42231.0,-74.0,0.5697674418604651,False,0,2.5612057999242097,True,True,True,True,False,False,False,,bb93173df2be499e3487d4ab52c91708a6b494849a4fc211d07671eb29558d1b
19,21,20,22,verified_closure_witness,175,42372,42197,42231.0,-141.0,0.19428571428571428,False,0,1.4251447999849916,True,True,True,True,False,False,False,,2feb5de6a80d78be61ae61f11c2caef5c317fce655f835ab061be4671802b1b8
19,27,20,28,verified_closure_witness,71,42232,42161,42231.0,-1.0,0.9859154929577465,False,0,1.018725800095126,True,True,True,True,False,False,False,,03ec71eaff1e9e63f52124b46656ed6ad4fd193d4c2a9f181a0ba5b6fea801a1
19,29,20,30,verified_closure_witness,157,42247,42090,42231.0,-16.0,0.8980891719745223,False,0,0.8031936001498252,True,True,True,True,False,False,False,,a64bf25a3163e4eecb06f06dbfab952839dcdaedff7c6c5a4f6e473b96b20ac4
20,22,21,23,verified_closure_witness,177,42348,42171,42231.0,-117.0,0.3389830508474576,False,0,0.8943489999510348,True,True,True,True,False,False,False,,1b521f25f131b42969e8d4abfdb67d0fcc6d976f333c6a5ab52a78a6dcf5dc6d
20,28,21,29,verified_closure_witness,63,42240,42177,42231.0,-9.0,0.8571428571428571,False,0,0.8904544999822974,True,True,True,True,False,False,False,,48c07dec6170454c5c7f656bb096fa696ba8e15076fd0de590f4d7e271b6ab64
20,29,21,30,verified_closure_witness,148,42309,42161,42231.0,-78.0,0.47297297297297297,False,0,2.639600499998778,True,True,True,True,False,False,False,,fdd9b8bd436926dbe273deb48c3b6214bef1cdd15f7deed6e08e27a82a0ebd9f
20,30,21,31,verified_closure_witness,179,42320,42141,42231.0,-89.0,0.5027932960893855,False,0,0.8861543000675738,True,True,True,True,False,False,False,,6a62276bbd9d9a08af8d6ca68449d32ed8586fabf24904ff59d3bbb206b6e208
21,22,22,23,verified_closure_witness,173,42408,42235,42231.0,-177.0,-0.023121387283236993,False,0,1.1452794999349862,True,True,True,True,False,False,False,,e5f8aad1684c08be6826e5a92ae0effeed0fc9d415b2f49bca5dcaa1407fd73e
21,30,22,31,verified_closure_witness,150,42355,42205,42231.0,-124.0,0.17333333333333334,False,0,1.055279899854213,True,True,True,True,False,False,False,,c69e8951b347c040e55867def249b9ff7d9c758e22f333708af9ac78b5c33616
21,31,22,32,verified_closure_witness,177,42327,42150,42231.0,-96.0,0.4576271186440678,False,0,0.8087437998037785,True,True,True,True,False,False,False,,4ba4e05a273b8d36079638a723e012558a85cda2a9cdf81bd155af487fcc8bba
22,28,23,29,verified_closure_witness,175,42326,42151,42231.0,-95.0,0.45714285714285713,False,0,1.6832508000079542,True,True,True,True,False,False,False,,05eef524e49e56444a23d161f1e3bd5bd5eb3ba8cd494b20d9d83b27f51393f5
22,32,23,33,verified_closure_witness,189,42287,42098,42231.0,-56.0,0.7037037037037037,False,0,0.8849881999194622,True,True,True,True,False,False,False,,5c52412c8994cc4d950d5caf605b985adae8d7a66b0675d5147a21fa41d3fc6b
24,35,25,36,verified_closure_witness,316,42268,41952,42231.0,-37.0,0.8829113924050633,False,0,1.7511295001022518,True,True,True,True,False,False,False,,20bf62ef48ad22cfb1c927d5b254317fcab97a54c851d9ce0df6d9db829d2afd
24,36,25,37,verified_closure_witness,332,42289,41957,42231.0,-58.0,0.8253012048192772,False,0,0.698395699961111,True,True,True,True,False,False,False,,87ca97381c60437d14546665ca454f2e69664828e5e6d9a3215dc161dcf570cf
27,28,28,29,verified_closure_witness,173,42312,42139,42231.0,-81.0,0.5317919075144508,False,0,0.797345699975267,True,True,True,True,False,False,False,,2ae9290fb1442ef80f2d19bbf0feef94751ed04e0f7559bda999457cef19bc8f
27,30,28,31,verified_closure_witness,162,42362,42200,42231.0,-131.0,0.19135802469135801,False,0,0.7721700998954475,True,True,True,True,False,False,False,,fbb6f083fe0a603db003170b2409bd66ace61885d89a579384ae06cb2067e275
27,31,28,32,verified_closure_witness,195,42295,42100,42231.0,-64.0,0.6717948717948717,False,0,1.2338093998841941,True,True,True,True,False,False,False,,43a4b22c977467f5b11d2792c45382f0524e5c84c7cd51eb993d16d483a2aaf7
27,102,28,103,verified_closure_witness,140,42221,42081,42231.0,10.0,1.0714285714285714,True,0,0.8159413998946548,True,True,True,True,False,False,False,,7fd19d070491041975757f2b1101424775f101da8c0cc009519a4bcd9062c159
29,31,30,32,verified_closure_witness,92,42256,42164,42231.0,-25.0,0.7282608695652174,False,0,0.8608965999446809,True,True,True,True,False,False,False,,2e8ce292ac9a9536fb42cadbb7b24a00b99fd8fc487bc04d541797b81de12924
33,38,34,39,verified_closure_witness,344,42398,42054,42231.0,-167.0,0.5145348837209303,False,0,1.206201600143686,True,True,True,True,False,False,False,,4fc14023a9e8913e9982884af63ce1146afebd7691952d8200e6aa47d3dcd340
33,126,34,127,verified_closure_witness,296,42431,42135,42231.0,-200.0,0.32432432432432434,False,0,0.9020597999915481,True,True,True,True,False,False,False,,7c74f477f566cbed06adac50918a967fc1dbdde62539978066bc7b3ad2a08429
33,134,34,135,verified_closure_witness,302,42345,42043,42231.0,-114.0,0.6225165562913907,False,0,0.5547298998571932,True,True,True,True,False,False,False,,12166700464a948f4bd9bc8630f9dce0b86837bc186fd66c81f64037422c1b0b
33,135,34,136,verified_closure_witness,256,42332,42076,42231.0,-101.0,0.60546875,False,0,0.6669542000163347,True,True,True,True,False,False,False,,9efb4e447fbb4166e6b37a048c15a3b0c8f2d137c8cb352512a5ac3aeac2c1f9
34,133,35,134,verified_closure_witness,341,42455,42114,42231.0,-224.0,0.34310850439882695,False,0,2.4640983999706805,True,True,True,True,False,False,False,,4ef25c964f2a55c35d52d7e96938157d69ca3a433f009c6dc962cf2801b8676f
34,135,35,136,verified_closure_witness,326,42469,42143,42231.0,-238.0,0.26993865030674846,False,0,1.0712385000661016,True,True,True,True,False,False,False,,240d2006d501cec12b33fd6e15b91e3b93167d0a3a4e7aee76268d61ed7d7981
34,136,35,137,verified_closure_witness,301,42366,42065,42231.0,-135.0,0.5514950166112956,False,0,1.1530673000961542,True,True,True,True,False,False,False,,a746f55e68065d8c8e5ca915f1f27016d722ec5e6815c5401e4e877b3f3b312c
36,42,37,43,verified_closure_witness,370,42372,42002,42231.0,-141.0,0.6189189189189189,False,0,0.8564874001313001,True,True,True,True,False,False,False,,5bcbcae0d9d448600f50e2a95d649fe576b07e794a3e6e3aca6ec14a42c9f704
37,149,38,150,verified_closure_witness,383,42389,42006,42231.0,-158.0,0.587467362924282,False,0,0.6221946000587195,True,True,True,True,False,False,False,,0a6ef6724f4a5b7923d173e0e3cfe58889dccd1391b3bb62610f26b63bc5768a
38,144,39,145,verified_closure_witness,327,42262,41935,42231.0,-31.0,0.9051987767584098,False,0,0.9261924000456929,True,True,True,True,False,False,False,,16b0f61fc2bdf8b02c2f5b1ff8e7f646af1e692e2dff524313f5615453c29d81
38,149,39,150,verified_closure_witness,430,42412,41982,42231.0,-181.0,0.5790697674418605,False,0,0.7509188998956233,True,True,True,True,False,False,False,,cf08d58d9864c4367aa035c9266c06bdd5dd417c3e8d25df7e6f5f766a1a16db
39,47,40,48,verified_closure_witness,172,42353,42181,42231.0,-122.0,0.29069767441860467,False,0,2.514432500116527,True,True,True,True,False,False,False,,6da8ed70729eb868f620b06091dacc73491bdbbcae7428e0b5580754144c4436
39,49,40,50,verified_closure_witness,229,42398,42169,42231.0,-167.0,0.27074235807860264,False,0,1.491565299918875,True,True,True,True,False,False,False,,da538c119b189cb1b070b9b27ae9db0e20c7e951fa623630cd287ab0b1724e66
39,54,40,55,verified_closure_witness,288,42477,42189,42231.0,-246.0,0.14583333333333334,False,0,0.9755631999578327,True,True,True,True,False,False,False,,371c2bdaac1d71128a59eb056d7d947474989d1fa5700199147d60108a576d57
39,316,40,317,verified_closure_witness,359,42261,41902,42231.0,-30.0,0.9164345403899722,False,0,0.8912568998057395,True,True,True,True,False,False,False,,9aa25e29e94a2d02c6b93bf743ea0473bb00721f0b62fadf01d3a368070c2cb4
40,45,41,46,verified_closure_witness,128,42289,42161,42231.0,-58.0,0.546875,False,0,0.8990982000250369,True,True,True,True,False,False,False,,5a05d8e2dd6a5ad01da183c95ef8f7720f46c882284e7037a37704d922c9da92
40,46,41,47,verified_closure_witness,184,42426,42242,42231.0,-195.0,-0.059782608695652176,False,0,0.9984029000625014,True,True,True,True,False,False,False,,a9277e1ec57e1447fa7af93665bdfd91b66ca0dd93dc5b4b2d16ea5b1cc7e12a
40,51,41,52,verified_closure_witness,191,42398,42207,42231.0,-167.0,0.1256544502617801,False,0,2.4449318000115454,True,True,True,True,False,False,False,,8a482ef4f74a69b1f2f242de2b65cd54a29d4b0ea017b6ff0aa6648f78c5bcc1
41,43,42,44,verified_closure_witness,242,42319,42077,42231.0,-88.0,0.6363636363636364,False,0,1.0763895998243243,True,True,True,True,False,False,False,,3473cbaed6bfba9f5b3d752b478ea4e29a88714cea16434e10f6c4e1c26a21f7
42,51,43,52,verified_closure_witness,126,42362,42236,42231.0,-131.0,-0.03968253968253968,False,0,1.0251192001160234,True,True,True,True,False,False,False,,1d5eb8744d8afd2a8077c27676a90517dce29ad9e1f73b40a0b49802e15e44d2
42,52,43,53,verified_closure_witness,189,42481,42292,42231.0,-250.0,-0.32275132275132273,False,0,0.9405108999926597,True,True,True,True,False,False,False,,6edc0411ea4575520133264f7c70fb7ba1386e4625a14de99f0a2f1f90b3e842
43,50,44,51,verified_closure_witness,126,42388,42262,42231.0,-157.0,-0.24603174603174602,False,0,1.1244941998738796,True,True,True,True,False,False,False,,9a5e1bedb6fbb340a054c36cbac2eaa530c6b86baaa9a50b643be87cb60c732a
43,53,44,54,verified_closure_witness,189,42494,42305,42231.0,-263.0,-0.3915343915343915,False,0,1.6842729998752475,True,True,True,True,False,False,False,,9b8e65af3cf7a99c4d462669d5f5693e6e81ebc3749226da4c711298112b6242
44,49,45,50,verified_closure_witness,126,42282,42156,42231.0,-51.0,0.5952380952380952,False,0,1.047735899919644,True,True,True,True,False,False,False,,c27cdff839f140017cc30f45fea3a84a9a19682a061ad2e7b8db9b35023df61e
44,54,45,55,verified_closure_witness,189,42365,42176,42231.0,-134.0,0.291005291005291,False,0,1.8843463000375777,True,True,True,True,False,False,False,,b6d5dc68cefd5ddd0896e1ecb8c73198b9239d3711575964d2005626f3cdf522
44,315,45,316,verified_closure_witness,374,42303,41929,42231.0,-72.0,0.8074866310160428,False,0,1.1529101999476552,True,True,True,True,False,False,False,,6642c2ddf6a03c54b6c2228b009c7b20eb284709495a614effcbe296be47947e
45,52,46,53,verified_closure_witness,126,42415,42289,42231.0,-184.0,-0.4603174603174603,False,0,0.9761745999567211,True,True,True,True,False,False,False,,445dcd2f1e72233b0a2706e27c4c26c56d2fceb0114453e202252d03bc7dd3dc
45,57,46,58,verified_closure_witness,189,42481,42292,42231.0,-250.0,-0.32275132275132273,False,0,1.1048745000734925,True,True,True,True,False,False,False,,661f309b6680cf203bce69b0ae2dcea0e24141814d6ac30dca47b9880b680d54
46,53,47,54,verified_closure_witness,126,42496,42370,42231.0,-265.0,-1.1031746031746033,False,0,1.2150006999727339,True,True,True,True,False,False,False,,0c1f5f5d29f0507a7238f1d580781f89a0e4b30b2f4de776954464d85612a278
46,56,47,57,verified_closure_witness,189,42481,42292,42231.0,-250.0,-0.32275132275132273,False,0,0.8528532001655549,True,True,True,True,False,False,False,,d11621476ba64a74e6f7e0b8cfc2ecfeaeeb39d5bb57455713ecd9d5d4dafcac
46,103,47,104,verified_closure_witness,289,42462,42173,42231.0,-231.0,0.20069204152249134,False,0,0.8247712999582291,True,True,True,True,False,False,False,,3aae637a6606afc8a87ff549174d27df2227d8029011f677f0ee755aee552907
47,54,48,55,verified_closure_witness,126,42374,42248,42231.0,-143.0,-0.1349206349206349,False,0,0.95590929989703,True,True,True,True,False,False,False,,e8dfe1e98c3f7ffe43146718e7ebb61a218bfdfba15b30648aeebaf09f9ad95e
47,55,48,56,verified_closure_witness,189,42359,42170,42231.0,-128.0,0.32275132275132273,False,0,0.6073942999355495,True,True,True,True,False,False,False,,b591fdb433a18e7aea3a1ddff423923ad465f16014bd7b899917287ef0acf6f0
47,58,48,59,verified_closure_witness,324,42483,42159,42231.0,-252.0,0.2222222222222222,False,0,0.8136650000233203,True,True,True,True,False,False,False,,5124527b90d1aa6aa4239a8c97e300771b6d03f3a5032fbf6a7d2549f26fd84f
47,103,48,104,verified_closure_witness,272,42371,42099,42231.0,-140.0,0.4852941176470588,False,0,0.9327506998088211,True,True,True,True,False,False,False,,33e5f87eaf18bd1bb6352da674a79fb09b804f74f14ab5349a0db9b256ce6df6
47,315,48,316,verified_closure_witness,370,42343,41973,42231.0,-112.0,0.6972972972972973,False,0,0.9319275999441743,True,True,True,True,False,False,False,,fa18745b56c08bc2d46708859a8c55f1a1fc0082ff72e2efae96b26ee14d8dcf
48,55,49,56,verified_closure_witness,230,42325,42095,42231.0,-94.0,0.591304347826087,False,0,0.9397764001041651,True,True,True,True,False,False,False,,693f53ea475e8afd0bd89621125505ab415ae0ad0df486918e1806996e0d8461
49,55,50,56,verified_closure_witness,126,42337,42211,42231.0,-106.0,0.15873015873015872,False,0,0.8995618000626564,True,True,True,True,False,False,False,,e2dfb59097ef2e7b9aed176be193b84718c2b2d67de18f995cc8034dbde8567e
49,58,50,59,verified_closure_witness,264,42411,42147,42231.0,-180.0,0.3181818181818182,False,0,0.956921499921009,True,True,True,True,False,False,False,,72f92ec874c085f0b308d5fdbf6a073c1e91103ebefec0101f1a3f8e8b6d9a4a
49,315,50,316,verified_closure_witness,377,42338,41961,42231.0,-107.0,0.7161803713527851,False,0,0.6673467999789864,True,True,True,True,False,False,False,,99774970c052c3a5bd3de347fc55a8edf8ebbeaa269ac2927174be2d7f03558c
49,316,50,317,verified_closure_witness,370,42319,41949,42231.0,-88.0,0.7621621621621621,False,0,0.832329299999401,True,True,True,True,False,False,False,,c1d71b7f0e7003f267dc02dfd3f28799470dc8282064b0dcd17f9ccaa14c485c
50,56,51,57,verified_closure_witness,126,42306,42180,42231.0,-75.0,0.40476190476190477,False,0,0.9681826999876648,True,True,True,True,False,False,False,,9c09f795050aea28914c52adccd3b3246f27698ec895a9db205a86edf8d6bb6e
50,57,51,58,verified_closure_witness,202,42454,42252,42231.0,-223.0,-0.10396039603960396,False,0,0.8490634001791477,True,True,True,True,False,False,False,,f71a0852a504611f57365a5388d6c83631a534c6002525b7deda07abd3cb900e
51,56,52,57,verified_closure_witness,202,42416,42214,42231.0,-185.0,0.08415841584158416,False,0,0.5148823999334127,True,True,True,True,False,False,False,,42a7848eab510415256af774383ce41e933df6d77b28104d90c94a7ad7e266ef
51,57,52,58,verified_closure_witness,126,42306,42180,42231.0,-75.0,0.40476190476190477,False,0,1.6358620000537485,True,True,True,True,False,False,False,,e9aa6a361ccd067b91121e5cec294aeceee70aeb49512a7e17bab42a1bb46e39
52,62,53,63,verified_closure_witness,378,42549,42171,42231.0,-318.0,0.15873015873015872,False,0,2.158298800000921,True,True,True,True,False,False,False,,84c73b31e92fb3ebcb1e63e5adb73d50de72b14e6ed19bbb7dc9efc3b81d0813
53,104,54,105,verified_closure_witness,261,42429,42168,42231.0,-198.0,0.2413793103448276,False,0,1.9473946001380682,True,True,True,True,False,False,False,,e15dfd3bb5e1fdd28cb52ae03507b3e6778ebb8a08bf174d13700e7ca45b0f29
54,104,55,105,verified_closure_witness,242,42381,42139,42231.0,-150.0,0.38016528925619836,False,0,0.5232669999822974,True,True,True,True,False,False,False,,b6240e735c23b115f0fc5d9c471d065aa124f15590057875bc39aceeb5b84478
54,316,55,317,verified_closure_witness,374,42343,41969,42231.0,-112.0,0.7005347593582888,False,0,0.8933187001384795,True,True,True,True,False,False,False,,968811200e75b32d0cebcc6f4902bb8dfd2c373c5fd088c384264c6291f39c59
59,65,60,66,verified_closure_witness,345,42235,41890,42231.0,-4.0,0.9884057971014493,False,0,0.4776878000702709,True,True,True,True,False,False,False,,d652ffd019e80c497879b1b1e19ad42f2388fe3944978baad9cadebbf28a9935
59,160,60,161,verified_closure_witness,398,42518,42120,42231.0,-287.0,0.27889447236180903,False,0,0.6511222999542952,True,True,True,True,False,False,False,,884375418ffe9bc679e28effbd24f81a748112ec5cf9df85b2acd98095aad4fc
59,209,60,210,verified_closure_witness,426,42373,41947,42231.0,-142.0,0.6666666666666666,False,0,2.7835095999762416,True,True,True,True,False,False,False,,fc12885372602733d2ec67449770d8d59bf71d1491964d0fe8cf7b3df4d393f5
60,160,61,161,verified_closure_witness,469,42458,41989,42231.0,-227.0,0.5159914712153518,False,0,0.6485915000084788,True,True,True,True,False,False,False,,68c22317cb03cd13b2cf1e48fb5c0aefaf0373942afacda9402721ccb526db69
60,163,61,164,verified_closure_witness,326,42334,42008,42231.0,-103.0,0.6840490797546013,False,0,0.5943238998297602,True,True,True,True,False,False,False,,ada601f19eedba1dd25a7c528e69e6d1e9319fc77898dcf1afcc8e96d6f8b171
60,171,61,172,verified_closure_witness,473,42399,41926,42231.0,-168.0,0.6448202959830867,False,0,0.6231549999210984,True,True,True,True,False,False,False,,9ae5360d368f50c45cdbe21dc4c2be3392a413253da56b51f6b5795b5c46aa33
62,73,63,74,verified_closure_witness,363,42328,41965,42231.0,-97.0,0.7327823691460055,False,0,0.665478500071913,True,True,True,True,False,False,False,,b5682412c25e0b3b7459d06cc5266c35287f3d577ba3e78a95ee22862518ea92
63,67,64,68,verified_closure_witness,225,42293,42068,42231.0,-62.0,0.7244444444444444,False,0,0.6499396001454443,True,True,True,True,False,False,False,,f5fb428b8ae562c028c559ea1da5eca76df3f8c198047923b9c7d0e3c5a79099
63,75,64,76,verified_closure_witness,260,42404,42144,42231.0,-173.0,0.3346153846153846,False,0,0.6550096001010388,True,True,True,True,False,False,False,,594da19750a13443c9056c8610546f0b0f9fa1770f7b57a2825e2d62b09cb43a
63,76,64,77,verified_closure_witness,235,42373,42138,42231.0,-142.0,0.39574468085106385,False,0,0.9621846000663936,True,True,True,True,False,False,False,,d976c2bdea43ec1838d2a8623800d064cac2ad5a876701bad00b278114356080
64,172,65,173,verified_closure_witness,264,42339,42075,42231.0,-108.0,0.5909090909090909,False,0,1.3795823999680579,True,True,True,True,False,False,False,,b83bb1a178199abbfe3aa07ca1684d8055fd5335bf9b84993855dd98ebaa0724
64,182,65,183,verified_closure_witness,290,42355,42065,42231.0,-124.0,0.5724137931034483,False,0,0.9062934999819845,True,True,True,True,False,False,False,,f560513d59b5a544f93bdb78689b69b17fe249b477cbff08d901855f31d3f786
65,171,66,172,verified_closure_witness,325,42252,41927,42231.0,-21.0,0.9353846153846154,False,0,1.9654240000527352,True,True,True,True,False,False,False,,09559e389a1cbf84c684a577baa5c10908fe27066a2bb2d9f47df2e6b7cba819
65,172,66,173,verified_closure_witness,315,42273,41958,42231.0,-42.0,0.8666666666666667,False,0,0.7789329001680017,True,True,True,True,False,False,False,,9d1a63285689579f8b9c3b314475e0f222aef721b33297092295235651160244
66,76,67,77,verified_closure_witness,167,42407,42240,42231.0,-176.0,-0.05389221556886228,False,0,0.878317000111565,True,True,True,True,False,False,False,,47a8d6338eac144b2349323a349fc6f350b048b06c7b30966e4bbdd1fe17dfb8
66,77,67,78,verified_closure_witness,155,42404,42249,42231.0,-173.0,-0.11612903225806452,False,0,0.9603229998610914,True,True,True,True,False,False,False,,e03f39ec562ba731736530723967d6a357dd037bf4433963f3da3f81c87a3a39
66,81,67,82,verified_closure_witness,184,42383,42199,42231.0,-152.0,0.17391304347826086,False,0,1.1140755999367684,True,True,True,True,False,False,False,,63a82c335647d89f0fbd2f989d0b70a70cadb0a570cac8bee8d36b4ab3e88ce3
67,78,68,79,verified_closure_witness,178,42378,42200,42231.0,-147.0,0.17415730337078653,False,0,0.8310399001929909,True,True,True,True,False,False,False,,52c53aaf54d73ce08c85ffbc7d1edbf8a39bb33de6e9325cdc3925c4b0cd8e4e
67,81,68,82,verified_closure_witness,150,42374,42224,42231.0,-143.0,0.04666666666666667,False,0,1.8123211998026818,True,True,True,True,False,False,False,,2eef6ff09dff62ec1c75ebb67273e2f003a7cee65f535c6e8c8599105eccb2b0
68,74,69,75,verified_closure_witness,98,42303,42205,42231.0,-72.0,0.2653061224489796,False,0,0.6440824000164866,True,True,True,True,False,False,False,,464da907940f0df5839f585d6d3f936e6d8907b7c98f3545e13d67aae75199a6
68,75,69,76,verified_closure_witness,164,42390,42226,42231.0,-159.0,0.03048780487804878,False,0,0.6844049000646919,True,True,True,True,False,False,False,,83fd5e5e80496a297530f45d0f6b3ea8d1b422623be04d14fd118ecaabf4de1a
68,79,69,80,verified_closure_witness,184,42345,42161,42231.0,-114.0,0.3804347826086957,False,0,1.0778425999451429,True,True,True,True,False,False,False,,bc3bff1c5f57ac37a619a6d49c3bb251107839653dd8e0f2ba72a1f227b05d6a
68,80,69,81,verified_closure_witness,128,42249,42121,42231.0,-18.0,0.859375,False,0,0.8201859998516738,True,True,True,True,False,False,False,,c227dbe661cd174684c8f02c23e66368627dd64a2c62091a8872ed2fad962849
69,72,70,73,verified_closure_witness,241,42336,42095,42231.0,-105.0,0.5643153526970954,False,0,1.0185994000639766,True,True,True,True,False,False,False,,d31c82e563dee961283149824bbc6976c17926e4665418daae8ebce86c0f7ede
69,75,70,76,verified_closure_witness,252,42447,42195,42231.0,-216.0,0.14285714285714285,False,0,0.5933821999933571,True,True,True,True,False,False,False,,438d78a61becc9f883b422d3737e6941fb7dc994d7a93cde9b5bbba8c6d98fe4
70,71,71,72,verified_closure_witness,176,42316,42140,42231.0,-85.0,0.5170454545454546,False,0,0.6768094999715686,True,True,True,True,False,False,False,,6a344a4babf655ba14f8727bd4f5201a716ad10c205aa82e97c7744f9bd29241
70,81,71,82,verified_closure_witness,118,42293,42175,42231.0,-62.0,0.4745762711864407,False,0,0.7627212000079453,True,True,True,True,False,False,False,,1cbf70c449b7d248aff78231e3e73a2ce191c4b1cbe55e8694be20fc94948c34
70,82,71,83,verified_closure_witness,159,42345,42186,42231.0,-114.0,0.2830188679245283,False,0,0.8911827998235822,True,True,True,True,False,False,False,,5b4fe188ab4237aafcd6d376156807e419542401dcd034b222835c3ffa6aef19
70,83,71,84,verified_closure_witness,176,42331,42155,42231.0,-100.0,0.4318181818181818,False,0,2.3937332001514733,True,True,True,True,False,False,False,,a9513ac04e09f92425dd9bf7aa4c5e215e07d7954b39be8002a8537933d66b54
71,78,72,79,verified_closure_witness,70,42309,42239,42231.0,-78.0,-0.11428571428571428,False,0,1.017485000193119,True,True,True,True,False,False,False,,a3dd928e1697da0ec8d6e1a7b88ec242f6d0d3d0052ecef31458ab319347c8d3
71,83,72,84,verified_closure_witness,158,42316,42158,42231.0,-85.0,0.4620253164556962,False,0,2.6765091998968273,True,True,True,True,False,False,False,,cb127c7c2a5cf7a861c99e0e7aee9faa3177d0c97d0b32208079ac0310fe96cf
71,85,72,86,verified_closure_witness,227,42335,42108,42231.0,-104.0,0.5418502202643172,False,0,0.8059594999067485,True,True,True,True,False,False,False,,bfdfedeb9f9fd724eba065d49a9e8713aee1fa65e12f6a644fb04ab44617d396
72,79,73,80,verified_closure_witness,70,42247,42177,42231.0,-16.0,0.7714285714285715,False,0,0.9369469000957906,True,True,True,True,False,False,False,,e7fc82a7504eb90a158243c85efef1a9dae38f05c5dbbbe009bf31ad30405a66
72,80,73,81,verified_closure_witness,173,42220,42047,42231.0,11.0,1.0635838150289016,True,0,0.6582067999988794,True,True,True,True,False,False,False,,7a925837f02e8ef2c87b540da74606859a797cbe5409addf5382ac08e5e5917e
73,79,74,80,verified_closure_witness,173,42330,42157,42231.0,-99.0,0.4277456647398844,False,0,1.0577911001164466,True,True,True,True,False,False,False,,575fb1f4a7788144b3e57bd51f23a83d5ea0a04b3a53f98f077e6393cf3922fb
73,80,74,81,verified_closure_witness,70,42238,42168,42231.0,-7.0,0.9,False,0,1.599121999926865,True,True,True,True,False,False,False,,ec4084091d759a8094a6f17b3d22660ce115397013cfc87219cee15d4d62eee0
73,89,74,90,verified_closure_witness,370,42419,42049,42231.0,-188.0,0.4918918918918919,False,0,0.6711585000157356,True,True,True,True,False,False,False,,5d2cd0f30613cd7be1288845e130d127a610fc339427b4085dcd4f299ad9044e
74,88,75,89,verified_closure_witness,316,42381,42065,42231.0,-150.0,0.5253164556962026,False,0,0.8625825000926852,True,True,True,True,False,False,False,,7d10610886c1422ab82aa765ad452c867e16e87e3d9c08166f51d675bf96fa98
74,89,75,90,verified_closure_witness,332,42393,42061,42231.0,-162.0,0.5120481927710844,False,0,1.4257042000535876,True,True,True,True,False,False,False,,73f8c65f365707af3446233676df7c9ded6a834c8385d8a35b16ef5603bdf2d8
75,85,76,86,verified_closure_witness,221,42388,42167,42231.0,-157.0,0.2895927601809955,False,0,0.8118127000052482,True,True,True,True,False,False,False,,bd86aff783afe7a9675dfd897a699d1c1df13d7164c8558b5a6a647c6bdddae5
76,81,77,82,verified_closure_witness,179,42425,42246,42231.0,-194.0,-0.08379888268156424,False,0,0.8197107999585569,True,True,True,True,False,False,False,,207cb32183fb8abda4d167d829c6932b574a462117447d6de8ead74c993b54bb
76,82,77,83,verified_closure_witness,180,42437,42257,42231.0,-206.0,-0.14444444444444443,False,0,0.6864487000275403,True,True,True,True,False,False,False,,9e68d23f6c87d1573dcc5633e0151f2d7a917ba32190c93ec2a1e1594e1e1783
76,85,77,86,verified_closure_witness,189,42374,42185,42231.0,-143.0,0.24338624338624337,False,0,1.183592400047928,True,True,True,True,False,False,False,,1ea75df13de9ea834720714ee991bb185dad84a3fc46d6586cafcde9d00ff1b3
77,78,78,79,verified_closure_witness,174,42440,42266,42231.0,-209.0,-0.20114942528735633,False,0,1.2116059998515993,True,True,True,True,False,False,False,,a37b9697af31eef8aae2dbaccdb00bb31fad6a749fdde1347b6a11f4602e781e
77,82,78,83,verified_closure_witness,73,42298,42225,42231.0,-67.0,0.0821917808219178,False,0,0.9161700999829918,True,True,True,True,False,False,False,,6f34b3a8f3683e33936b65a8c9d0294fbce8b836fd1eb1baedd929a6f78e3bf6
77,84,78,85,verified_closure_witness,149,42355,42206,42231.0,-124.0,0.16778523489932887,False,0,0.8464776000473648,True,True,True,True,False,False,False,,16ed103c4e33f0856e7a2da442364a44945e2ef15674ae5fd54a578028e892dc
78,81,79,82,verified_closure_witness,174,42402,42228,42231.0,-171.0,0.017241379310344827,False,0,0.9182201998773962,True,True,True,True,False,False,False,,b4f3081d5d69a4408a6cad32d652ddc0153ef8dd7c6d6dbe92faa5787e9143ed
78,82,79,83,verified_closure_witness,168,42367,42199,42231.0,-136.0,0.19047619047619047,False,0,0.7106274000834674,True,True,True,True,False,False,False,,2e461faff81d216810953c401f95a144c68a921e6710188f83dcd483c8d64b19
78,84,79,85,verified_closure_witness,219,42357,42138,42231.0,-126.0,0.4246575342465753,False,0,2.8889188000466675,True,True,True,True,False,False,False,,066a2b4a1e1638c74c9edef5f4ff6fb3cbc969bdca81ccc26971f6e31c1fd09e
85,97,86,98,verified_closure_witness,512,42506,41994,42231.0,-275.0,0.462890625,False,0,0.8014635001309216,True,True,True,True,False,False,False,,45e4ab3676a734ca3be3dddfdffb794c465de376d08fc72af8ff0d2621da91ae
86,187,87,188,verified_closure_witness,247,42336,42089,42231.0,-105.0,0.5748987854251012,False,0,0.7615663998294622,True,True,True,True,False,False,False,,99bd7b1581fc92086e356a31bdc7f61d49ceffa517d3bbf9ac18003dbdb42f52
86,196,87,197,verified_closure_witness,287,42385,42098,42231.0,-154.0,0.4634146341463415,False,0,0.765146299963817,True,True,True,True,False,False,False,,07b02e83286d1546824646426fcd9f24392917ce9d77e7fe0a480cd48a508b3d
87,189,88,190,verified_closure_witness,272,42274,42002,42231.0,-43.0,0.8419117647058824,False,0,0.814738400047645,True,True,True,True,False,False,False,,d22b21615ab1a616f02a67284c3a4e4a0aff70e4dc5a9720b3e736491828f4af
87,196,88,197,verified_closure_witness,295,42319,42024,42231.0,-88.0,0.7016949152542373,False,0,0.9532226000446826,True,True,True,True,False,False,False,,a64a343347228aa9fb4642b74abed6f00b341f685e472abba436a6081b41ace3
88,98,89,99,verified_closure_witness,331,42188,41857,42231.0,43.0,1.1299093655589123,True,0,1.515811099903658,True,True,True,True,False,False,False,,d7d6282b73cceb642e7fdbf8c48bd86dbfbb9924721be026173e1bd40c69c1fd
90,95,91,96,verified_closure_witness,150,42492,42342,42231.0,-261.0,-0.74,False,0,1.0213138000108302,True,True,True,True,False,False,False,,31291ab731428c9c9b8bfeac1662671efd70c49b6a5166843e3bc3d5ffc5aad1
90,96,91,97,verified_closure_witness,181,42628,42447,42231.0,-397.0,-1.1933701657458564,False,0,0.7143538000527769,True,True,True,True,False,False,False,,55024702a7c74e1d5d2297318460f5f3bc9b2379aa62f6fecf7a975de8f5ce99
90,100,91,101,verified_closure_witness,299,42670,42371,42231.0,-439.0,-0.4682274247491639,False,0,1.1348979000467807,True,True,True,True,False,False,False,,931316bff99ec3effbce8b6f3b2e43c8bf83c35dd88edb1763babb613da94f25
90,101,91,102,verified_closure_witness,331,42418,42087,42231.0,-187.0,0.4350453172205438,False,0,1.4861900999676436,True,True,True,True,False,False,False,,2e6bc9c3cf8ac9e4b82716e254c04e96e03f2b22b3ecbe67f44caa54b1c4877c
91,96,92,97,verified_closure_witness,150,42760,42610,42231.0,-529.0,-2.526666666666667,False,0,1.787100899964571,True,True,True,True,False,False,False,,6320653d4961aac44a7db7ed344e895b4696bcfb5272e8227fa6043b44b9d105
91,100,92,101,verified_closure_witness,268,42889,42621,42231.0,-658.0,-1.455223880597015,False,0,1.2759428001008928,True,True,True,True,False,False,False,,928088e6413dcf610b5b9be18000143e74bac4dcb93033cf128ae71b710f39d9
91,101,92,102,verified_closure_witness,300,42316,42016,42231.0,-85.0,0.7166666666666667,False,0,0.6547155999578536,True,True,True,True,False,False,False,,49e8976997ff2b88f93438c60d239a53f5f8512397a3dabcd8e1a6e741705c71
92,98,93,99,verified_closure_witness,389,42261,41872,42231.0,-30.0,0.922879177377892,False,0,1.612087900051847,True,True,True,True,False,False,False,,6a719355c2ca781c5c15b287db5613b086b95f85d39b40739011a99cf347bea5
93,205,94,206,verified_closure_witness,253,42332,42079,42231.0,-101.0,0.6007905138339921,False,0,0.644964599981904,True,True,True,True,False,False,False,,5fb46b9c29faa7305fd6f24ae5889a3058454e6c3f0c881a2c97f9b3e147daee
93,206,94,207,verified_closure_witness,281,42347,42066,42231.0,-116.0,0.5871886120996441,False,0,0.7512016000691801,True,True,True,True,False,False,False,,7761468f434da5415e62add55fb7f52e019ca98eadd8d394cd662b7490c734f7
94,195,95,196,verified_closure_witness,217,42349,42132,42231.0,-118.0,0.45622119815668205,False,0,0.8113015999551862,True,True,True,True,False,False,False,,c9be1cf670c4b382db61339d8ce81d0f5205ace5422615e2b37c492f62b69572
94,196,95,197,verified_closure_witness,203,42339,42136,42231.0,-108.0,0.46798029556650245,False,0,1.1982732999604195,True,True,True,True,False,False,False,,5f1d1e82fa9309b4a74865adfb2f14a8418e82b1402919832257cbfd715a2836
94,200,95,201,verified_closure_witness,191,42317,42126,42231.0,-86.0,0.5497382198952879,False,0,2.0112580000422895,True,True,True,True,False,False,False,,2f07f7c6813de69c979811a8a66c579a0f5241331d0cb77f333449df4b52faf4
94,201,95,202,verified_closure_witness,200,42424,42224,42231.0,-193.0,0.035,False,0,0.7764345998875797,True,True,True,True,False,False,False,,4b45f183bc26ad3ebd1ef4c7fada4f3b055d7d7df5bca849709b1f5515caa61e
94,205,95,206,verified_closure_witness,266,42398,42132,42231.0,-167.0,0.37218045112781956,False,0,0.8652262999676168,True,True,True,True,False,False,False,,290374699c1aeb76b173f353d30b0b3967ff7ec6a4736a9f79b4cec590766882
94,206,95,207,verified_closure_witness,289,42408,42119,42231.0,-177.0,0.3875432525951557,False,0,1.2190787999425083,True,True,True,True,False,False,False,,828636cdb314aabf72aef56644bd4085a7b99de111c948dbea7f0d3e9dddc341
95,100,96,101,verified_closure_witness,149,42678,42529,42231.0,-447.0,-2.0,False,0,1.1286955000832677,True,True,True,True,False,False,False,,34f2e54705a3e663d79f382d2e049f466e274bbaf5d47d26876a5ede2708bfbf
95,101,96,102,verified_closure_witness,181,42296,42115,42231.0,-65.0,0.6408839779005525,False,0,2.407950600143522,True,True,True,True,False,False,False,,85bf1e6b5d61c16d8a8f3cb93cef4fff685da26871105bc6137bb67849ef9698
96,97,97,98,verified_closure_witness,561,42822,42261,42231.0,-591.0,-0.053475935828877004,False,0,2.5303092999383807,True,True,True,True,False,False,False,,0f03e2ae8e813cd0a5f43a02601061392d34b07d4c66951101e429b6558e7fe4
96,101,97,102,verified_closure_witness,150,42242,42092,42231.0,-11.0,0.9266666666666666,False,0,0.8902114001102746,True,True,True,True,False,False,False,,d84b835903417953f878e123ad215e8acae7b96fb7f474a82dc2d968385f981c
97,100,98,101,verified_closure_witness,573,42758,42185,42231.0,-527.0,0.08027923211169284,False,0,0.6932957000099123,True,True,True,True,False,False,False,,1d29790f49db00fcd9ca837bf1a08ac6e6b234e120f94cf00583ecc0b2df6986
99,196,100,197,verified_closure_witness,260,42334,42074,42231.0,-103.0,0.6038461538461538,False,0,0.5533938999287784,True,True,True,True,False,False,False,,6c39a46b2f188752a459901ced75cfdf2960c02a83902693832a165b07fc5cc7
99,200,100,201,verified_closure_witness,166,42346,42180,42231.0,-115.0,0.3072289156626506,False,0,0.8172710000071675,True,True,True,True,False,False,False,,fa55ba10e64df670fa43050accec75d7d1b4cc9b4fd8258586859b8b6cea31a7
105,110,106,111,verified_closure_witness,150,42261,42111,42231.0,-30.0,0.8,False,0,1.2370324998628348,True,True,True,True,False,False,False,,338aad69e129ed4f64b746fe696593e5c13a3f04c7ebaec904a3d54ef91bed77
105,111,106,112,verified_closure_witness,181,42302,42121,42231.0,-71.0,0.6077348066298343,False,0,1.0276504999492317,True,True,True,True,False,False,False,,af309b3e69a9190d957258eabd62750597f52e89d8ec9fcceca52025142f1c8a
105,114,106,115,verified_closure_witness,299,42392,42093,42231.0,-161.0,0.46153846153846156,False,0,0.7960752001963556,True,True,True,True,False,False,False,,7f7c683f95a622f84b60fb0bcb5b4856ca740a9073e610af4d493adeaa91f540
106,111,107,112,verified_closure_witness,150,42277,42127,42231.0,-46.0,0.6933333333333334,False,0,3.1272073998115957,True,True,True,True,False,False,False,,9283f0ecbe2af2064c84aed9e6500c10f1eb724d34084b431e006540efd99dea
106,114,107,115,verified_closure_witness,268,42379,42111,42231.0,-148.0,0.44776119402985076,False,0,0.8718103000428528,True,True,True,True,False,False,False,,a7abdcd2080c53d530e19180eab9b72a5d4a8c602405b4e111b127c1b3115ea4
108,219,109,220,verified_closure_witness,226,42289,42063,42231.0,-58.0,0.7433628318584071,False,0,0.7097341001499444,True,True,True,True,False,False,False,,5ebc8309614f5af7c5219dd15cebd2ae1985ff545e185005a93af52faf11c842
108,220,109,221,verified_closure_witness,253,42336,42083,42231.0,-105.0,0.5849802371541502,False,0,1.7166879000142217,True,True,True,True,False,False,False,,9ea7c13878e4619deefa66c2f9a4be6a4fddfe4902cbd86099317134f0602b85
109,211,110,212,verified_closure_witness,219,42220,42001,42231.0,11.0,1.0502283105022832,True,0,1.6633472999092191,True,True,True,True,False,False,False,,9a9ca22ab2416ee59436a020d975f9e96da50a4dfce56604fef7e30818d3ea07
109,215,110,216,verified_closure_witness,187,42207,42020,42231.0,24.0,1.1283422459893049,True,0,0.7018063000869006,True,True,True,True,False,False,False,,0d1bbc50bf029b6c7606b9b7a74efce20b8223e46bfe65ff49c646a7406052e0
110,114,111,115,verified_closure_witness,149,42242,42093,42231.0,-11.0,0.9261744966442953,False,0,1.13248910009861,True,True,True,True,False,False,False,,b0aaeccc9bac9cf2e04432c1e9396583f489e38443b88554b9d22c35aeba28f8
110,115,111,116,verified_closure_witness,181,42294,42113,42231.0,-63.0,0.6519337016574586,False,0,1.2421528999693692,True,True,True,True,False,False,False,,6d9617e1f212dd469869f14979db1a7ba4fff572a02044a6e76a5b2771eceee6
111,115,112,116,verified_closure_witness,150,42283,42133,42231.0,-52.0,0.6533333333333333,False,0,1.5205490000080317,True,True,True,True,False,False,False,,25785cf96e9cdc4e1734861a1083b7bf804032b9035ede4bf68dd4894ce9cb30
112,121,113,122,verified_closure_witness,331,42317,41986,42231.0,-86.0,0.7401812688821753,False,0,1.9767981001641601,True,True,True,True,False,False,False,,11ce819a7866dd8b3dc7d9ed226e6fa1a997b09a3d26e271d15400c65ca739af
112,122,113,123,verified_closure_witness,363,42391,42028,42231.0,-160.0,0.559228650137741,False,0,0.9024736999999732,True,True,True,True,False,False,False,,8183f444259cb0bea95bf1e11cdeeb47500e6f13a7c2b52c37dc5490bd9aab45
113,116,114,117,verified_closure_witness,398,42323,41925,42231.0,-92.0,0.7688442211055276,False,0,1.1291277999989688,True,True,True,True,False,False,False,,8246e9afb57ef9a0ca27f80b5f6d1143f7cecc9db0dd86cbb8429f3238f882ad
113,122,114,123,verified_closure_witness,363,42457,42094,42231.0,-226.0,0.3774104683195592,False,0,1.304530099965632,True,True,True,True,False,False,False,,6f6dbd40ae4ce7bd2addfffd4df597d92526d91162903b98f0d3cd381e1e683b
114,119,115,120,verified_closure_witness,188,42341,42153,42231.0,-110.0,0.4148936170212766,False,0,1.3062237999401987,True,True,True,True,False,False,False,,1c84582a9f8181df7a254440234ea3800dbc828bfda520c394c1f514671421aa
116,127,117,128,verified_closure_witness,235,42326,42091,42231.0,-95.0,0.5957446808510638,False,0,0.6411756998859346,True,True,True,True,False,False,False,,fa38f6a3cf5498371f16347863e99016e02a25699a821fbb5c31cbf31f9886ee
116,128,117,129,verified_closure_witness,260,42378,42118,42231.0,-147.0,0.4346153846153846,False,0,1.1806346999946982,True,True,True,True,False,False,False,,4edaac71a7c16597ce37102cbc308047e5f1e515d70440e92d0c5c3439c83915
117,216,118,217,verified_closure_witness,267,42359,42092,42231.0,-128.0,0.5205992509363296,False,0,2.336459199897945,True,True,True,True,False,False,False,,2d3e40fc467b448fdb6a8aa62710cf91d2b97cb9281bf86e62338c477364873b
118,219,119,220,verified_closure_witness,240,42279,42039,42231.0,-48.0,0.8,False,0,1.1112490000668913,True,True,True,True,False,False,False,,e5dae37c9826e028bf1d90d3fa7c04c8cc8a51cf1051d4f55246ff81cad7a269
118,220,119,221,verified_closure_witness,221,42198,41977,42231.0,33.0,1.1493212669683257,True,0,1.2453510998748243,True,True,True,True,False,False,False,,3e0034a2f7459c51a6d4bb38bbaa4262008a086eaf890bea706776e3a2b16a24
118,224,119,225,verified_closure_witness,275,42186,41911,42231.0,45.0,1.1636363636363636,True,0,2.572759199887514,True,True,True,True,False,False,False,,689d53ebe20fa0cd74345be8ee006c869cd9fd45a70e878450894941da9ba458
119,126,120,127,verified_closure_witness,142,42311,42169,42231.0,-80.0,0.43661971830985913,False,0,0.93806799990125,True,True,True,True,False,False,False,,b1e6a392d482ee607b588ba3029ecfd16a7c11057139fd033410af6588375ba0
119,133,120,134,verified_closure_witness,174,42348,42174,42231.0,-117.0,0.3275862068965517,False,0,1.3798338000196964,True,True,True,True,False,False,False,,86d77df90abde009149af5cd09da6c5c2e4a23bffcbcf8dbda570e6e9fa82bdb
120,128,121,129,verified_closure_witness,164,42364,42200,42231.0,-133.0,0.18902439024390244,False,0,1.1310430001467466,True,True,True,True,False,False,False,,1b7aed98e4cf62649de0d4b58c2581e5f3597303205bd6e7be4f8fa5b5f3e10a
120,129,121,130,verified_closure_witness,97,42302,42205,42231.0,-71.0,0.26804123711340205,False,0,1.582007200224325,True,True,True,True,False,False,False,,0cb61ba12465785a7c04612b266f4262a5929c11807d6784b96f9a33d0a286e3
120,130,121,131,verified_closure_witness,128,42345,42217,42231.0,-114.0,0.109375,False,0,2.731831200188026,True,True,True,True,False,False,False,,bfce9447f883ffaf5b223fe6f66c20e1e2aef406f3d44453aa2870090ea6b34d
120,131,121,132,verified_closure_witness,184,42296,42112,42231.0,-65.0,0.6467391304347826,False,0,2.233758599963039,True,True,True,True,False,False,False,,bdfa052c5afb562d217a75a6cd0fe4f16576874dedfaad2d05216b31c0b0a428
121,123,122,124,verified_closure_witness,241,42296,42055,42231.0,-65.0,0.7302904564315352,False,0,0.6756524001248181,True,True,True,True,False,False,False,,fcde3792bc87bf5a4f1dd567f06d6ed7dffe0c75c98bb1c74d099c7bb1e12fa0
121,128,122,129,verified_closure_witness,251,42420,42169,42231.0,-189.0,0.24701195219123506,False,0,0.8710709000006318,True,True,True,True,False,False,False,,4e1a52428061613a7c94f66f2e1052043d909796b675b6d0dc0e1b0ea96235c6
122,130,123,131,verified_closure_witness,71,42295,42224,42231.0,-64.0,0.09859154929577464,False,0,0.8923935000784695,True,True,True,True,False,False,False,,83602f9c2603febbaccab5129534ec830f221c53daa54c224ad21bb357563322
122,131,123,132,verified_closure_witness,173,42331,42158,42231.0,-100.0,0.42196531791907516,False,0,1.0381302000023425,True,True,True,True,False,False,False,,6383012917ca414f42cef7b84eda6a70e143151fba4a59154ae09d7cadc696b6
122,141,123,142,verified_closure_witness,370,42350,41980,42231.0,-119.0,0.6783783783783783,False,0,0.9021163999568671,True,True,True,True,False,False,False,,28de1f1757ddf4d7b196f950425922ec916504e4436d51bdab6079f365fe8c54
123,130,124,131,verified_closure_witness,173,42312,42139,42231.0,-81.0,0.5317919075144508,False,0,1.4518150999210775,True,True,True,True,False,False,False,,e0b7ff8f5daa2f3f0f6abbaf37b1a147d7e72599ec3bd942f8b3715f79fc2dd0
123,131,124,132,verified_closure_witness,71,42334,42263,42231.0,-103.0,-0.4507042253521127,False,0,2.0941830000374466,True,True,True,True,False,False,False,,0c3802a8dc5b5cf96d8adbf1b6f9bb57ef17109002e7928bdce9299ff00a936e
124,125,125,126,verified_closure_witness,172,42327,42155,42231.0,-96.0,0.4418604651162791,False,0,1.8189522000029683,True,True,True,True,False,False,False,,ecd368f756458762c1dddc004ab3dbcd0aabceb021a75fa821d1b2df14e28b47
124,126,125,127,verified_closure_witness,175,42345,42170,42231.0,-114.0,0.3485714285714286,False,0,0.5358270001597703,True,True,True,True,False,False,False,,637ad21834e702051d1845ac7af77b1effbaead34ebe80335e6b24c6cc6e3f09
124,132,125,133,verified_closure_witness,71,42299,42228,42231.0,-68.0,0.04225352112676056,False,0,0.6597532001323998,True,True,True,True,False,False,False,,f40364b662afaa53b4cd00b564e542ae20ec67db76b118ed3b9a53dc60d28804
124,134,125,135,verified_closure_witness,157,42290,42133,42231.0,-59.0,0.6242038216560509,False,0,2.3755065000150353,True,True,True,True,False,False,False,,330aa05fe4fcd5712e1b783966b4432b4419ab42c202b245aa34f62d7ee1b561
125,127,126,128,verified_closure_witness,177,42372,42195,42231.0,-141.0,0.2033898305084746,False,0,0.8490599999204278,True,True,True,True,False,False,False,,907665d21fa478cc81c9d0ccb987063721c858bc130f51c19a7faf8f55f31d40
125,133,126,134,verified_closure_witness,63,42278,42215,42231.0,-47.0,0.25396825396825395,False,0,0.8088199000339955,True,True,True,True,False,False,False,,94bb6588497408d86d4f0054d5847088a602bdcb42bf2150ddec9e4e3ae389e5
125,134,126,135,verified_closure_witness,148,42318,42170,42231.0,-87.0,0.41216216216216217,False,0,0.8827234001364559,True,True,True,True,False,False,False,,47ea2efb2c3494ebd228f6ea1a252d3332b8c20f6b329eff5447535360895a5c
125,135,126,136,verified_closure_witness,179,42421,42242,42231.0,-190.0,-0.061452513966480445,False,0,2.7280462000053376,True,True,True,True,False,False,False,,c0e34c6e697ea39606db4289d7100c34c7d4f4925e7cba85e4e40f515d43a736
126,127,127,128,verified_closure_witness,173,42400,42227,42231.0,-169.0,0.023121387283236993,False,0,2.0352715998888016,True,True,True,True,False,False,False,,694f055ff2f183fef75d371a29e46abc23ea86ad7c7c7ea177f356dc19c0a2c4
126,135,127,136,verified_closure_witness,150,42441,42291,42231.0,-210.0,-0.4,False,0,0.6552639999426901,True,True,True,True,False,False,False,,914b3b960af9cc9bcd2156eb4babbc73d2f6dbfe1b03fb04ba4dc7e303a798d7
126,136,127,137,verified_closure_witness,177,42416,42239,42231.0,-185.0,-0.04519774011299435,False,0,0.5644178001675755,True,True,True,True,False,False,False,,bb8992a248b231e1a9481d730d182e17fae880ad43b00b86f6ff6f3beef9843e
127,133,128,134,verified_closure_witness,175,42369,42194,42231.0,-138.0,0.21142857142857144,False,0,1.393356999848038,True,True,True,True,False,False,False,,4778b4bf957298d3db6039ec89033b2e4ce22a57f331412fb9a41da1bf007026
127,137,128,138,verified_closure_witness,189,42330,42141,42231.0,-99.0,0.47619047619047616,False,0,1.7223879999946803,True,True,True,True,False,False,False,,9a902ab8cc4047db8af11a792f2271cf270f0037d28ca7899465985d4254575e
129,140,130,141,verified_closure_witness,316,42377,42061,42231.0,-146.0,0.5379746835443038,False,0,3.1268700999207795,True,True,True,True,False,False,False,,6148e4b0b7f917968354dfcacd93b8da56d82d2ce636969c67a1b6dc425a21b0
129,141,130,142,verified_closure_witness,332,42322,41990,42231.0,-91.0,0.7259036144578314,False,0,0.6610011998564005,True,True,True,True,False,False,False,,7f1df597c86ed798bde38424f8fa16652cd89609047094eb28bb7f4f5b05f654
132,133,133,134,verified_closure_witness,173,42307,42134,42231.0,-76.0,0.5606936416184971,False,0,0.739286300027743,True,True,True,True,False,False,False,,26e7e2b2dcb7732d7103c8e6e79cce74295b5164435776a040d438f892b868bb
132,135,133,136,verified_closure_witness,162,42340,42178,42231.0,-109.0,0.3271604938271605,False,0,0.719566100044176,True,True,True,True,False,False,False,,b8fd95b680dbc658b6847f1aa4a3959ebf523e784dbc6355d372a4e19bbc80de
132,136,133,137,verified_closure_witness,195,42372,42177,42231.0,-141.0,0.27692307692307694,False,0,1.9805920000653714,True,True,True,True,False,False,False,,5ee8c8f16e644d23eae98e8de11a86b09d5ad2d232d84017b94c56921e15c299
132,207,133,208,verified_closure_witness,140,42288,42148,42231.0,-57.0,0.5928571428571429,False,0,0.5772005999460816,True,True,True,True,False,False,False,,aea3a638586723b0df8681d732c18f7cd480a973aa6aa05c8fb3312b13b71c52
134,136,135,137,verified_closure_witness,92,42307,42215,42231.0,-76.0,0.17391304347826086,False,0,3.351311100181192,True,True,True,True,False,False,False,,fc98321fe9d54b3491ce41644780d636f2dae65db3009f603ddc9ff814316789
138,143,139,144,verified_closure_witness,344,42458,42114,42231.0,-227.0,0.34011627906976744,False,0,2.0879285000264645,True,True,True,True,False,False,False,,f8231164b530348512293a4abba823563494e7d37bcd02b193e22223116e6575
138,231,139,232,verified_closure_witness,296,42431,42135,42231.0,-200.0,0.32432432432432434,False,0,0.736443700036034,True,True,True,True,False,False,False,,815b1f949a94f56eb56927b1f8abffb136e8da6c4fd22221622e144e0730064c
138,239,139,240,verified_closure_witness,302,42345,42043,42231.0,-114.0,0.6225165562913907,False,0,0.7359266998246312,True,True,True,True,False,False,False,,95264b29813fad1ec80f1605a142b4de023af5618d5c4951d09217e428786813
138,240,139,241,verified_closure_witness,256,42332,42076,42231.0,-101.0,0.60546875,False,0,0.7968242999631912,True,True,True,True,False,False,False,,809999134d6cc17613e10c540552537987fac9f289b05db037583fa8479b5467
139,238,140,239,verified_closure_witness,341,42412,42071,42231.0,-181.0,0.46920821114369504,False,0,0.6068674998823553,True,True,True,True,False,False,False,,40ad98656d633c1fa90673a839b5dcd79e0f54d33ce576839150d60928b360c8
139,240,140,241,verified_closure_witness,326,42426,42100,42231.0,-195.0,0.401840490797546,False,0,0.6008522000629455,True,True,True,True,False,False,False,,c76ccbb9e9b47c6e8125efbd892addc84cd9d40fb6ca98715a34f971719aa8b8
139,241,140,242,verified_closure_witness,301,42323,42022,42231.0,-92.0,0.6943521594684385,False,0,0.7366545000113547,True,True,True,True,False,False,False,,a1ae3510643ace543d25137dd430d0c06ab11bfbf9750166ec342288de84ae53
141,147,142,148,verified_closure_witness,370,42440,42070,42231.0,-209.0,0.43513513513513513,False,0,2.8023190000094473,True,True,True,True,False,False,False,,7efd5e170273bd2204753a835b18d3fc824082dcabcc4ef968023dad51d92a03
142,254,143,255,verified_closure_witness,383,42454,42071,42231.0,-223.0,0.4177545691906005,False,0,1.012863300042227,True,True,True,True,False,False,False,,dda880ab7aa0f76b6547005b18c8645fbb6fc2ec3a2fe0434edc689fa89f2b36
143,249,144,250,verified_closure_witness,327,42387,42060,42231.0,-156.0,0.5229357798165137,False,0,0.5835145001765341,True,True,True,True,False,False,False,,56eb8676ac96f66b8e75ae25c51da70c22293a866498888cf8b7185a4e5e89a1
143,254,144,255,verified_closure_witness,430,42477,42047,42231.0,-246.0,0.42790697674418604,False,0,2.080464999889955,True,True,True,True,False,False,False,,4afac128473d73ffd400af387feffa98dda366f42f8773f4f5c2d4510ce885c4
144,152,145,153,verified_closure_witness,172,42333,42161,42231.0,-102.0,0.4069767441860465,False,0,2.1442843999248,True,True,True,True,False,False,False,,797edf9dd39b09b3fdeddd475d914aa9925fdf93324ab2086415be0eeeb771f7
144,154,145,155,verified_closure_witness,229,42407,42178,42231.0,-176.0,0.2314410480349345,False,0,2.143381900154054,True,True,True,True,False,False,False,,1bae246888950e6748b57bd1b6879b710ee60401d6289e97facd9334a8bcf0dd
145,150,146,151,verified_closure_witness,128,42289,42161,42231.0,-58.0,0.546875,False,0,0.5625298998784274,True,True,True,True,False,False,False,,68a4fd4657f39364fdd8caf8b6dfc8de93147d276262158a142968d6f1b5f420
145,151,146,152,verified_closure_witness,184,42426,42242,42231.0,-195.0,-0.059782608695652176,False,0,0.5565554997883737,True,True,True,True,False,False,False,,48c85df058004963f7f8e98bfb68d2e322af967f201ae27b91025117353b0cb7
145,156,146,157,verified_closure_witness,191,42398,42207,42231.0,-167.0,0.1256544502617801,False,0,1.6921194000169635,True,True,True,True,False,False,False,,d18320b48464de7352e357fa3630cd9d22b15ea7850dca2a379e1334d9ebe634
146,148,147,149,verified_closure_witness,242,42351,42109,42231.0,-120.0,0.5041322314049587,False,0,2.2990001998841763,True,True,True,True,False,False,False,,2e1096d7f3b5d15c5dc99c8bdcf0e12e74385588d8f1ce92377da000d50e83cd
147,156,148,157,verified_closure_witness,126,42394,42268,42231.0,-163.0,-0.29365079365079366,False,0,2.1836457001045346,True,True,True,True,False,False,False,,bcb00d98b58337527ff59a57176410de0c1217c4c8d6b42bd452aa9378308f76
147,157,148,158,verified_closure_witness,189,42513,42324,42231.0,-282.0,-0.49206349206349204,False,0,1.5015197999309748,True,True,True,True,False,False,False,,72fdd2466aef2ac24a84b98e6f64cbe6395b866ceaa2af5d5f9ac795e92d1a5e
148,155,149,156,verified_closure_witness,126,42368,42242,42231.0,-137.0,-0.0873015873015873,False,0,1.1500816999468952,True,True,True,True,False,False,False,,e709bad63b8f870c458036f58803bc1e45d500a74a84bc1d0fafb7d715bc3bec
148,158,149,159,verified_closure_witness,189,42450,42261,42231.0,-219.0,-0.15873015873015872,False,0,0.7115201000124216,True,True,True,True,False,False,False,,e78f06eae6ad4c890cd5bab5bacc62a6e453453736412242b89ce14dd6d07bab
149,154,150,155,verified_closure_witness,126,42282,42156,42231.0,-51.0,0.5952380952380952,False,0,1.0160190002061427,True,True,True,True,False,False,False,,cb1b688ff4254bcc764ed9a379e7bb4835f71d1f70ad714dcd7c9f01d1d252fe
149,159,150,160,verified_closure_witness,189,42365,42176,42231.0,-134.0,0.291005291005291,False,0,1.27039479999803,True,True,True,True,False,False,False,,ecfe0b8e73068ada276f6b7fe641bbd9b87d4300097abfb5807ae47d26affec2
150,157,151,158,verified_closure_witness,126,42447,42321,42231.0,-216.0,-0.7142857142857143,False,0,1.1504770999308676,True,True,True,True,False,False,False,,16056dde1c3bb466d5cf36899ec86fd5e6f6a848c73d3bda31750b35bbf861f2
150,162,151,163,verified_closure_witness,189,42502,42313,42231.0,-271.0,-0.43386243386243384,False,0,3.008478800067678,True,True,True,True,False,False,False,,0f73b185f17498976c32b5f085b29606855278715144f461e8ebb5b16439362b
151,158,152,159,verified_closure_witness,126,42465,42339,42231.0,-234.0,-0.8571428571428571,False,0,1.1469954999629408,True,True,True,True,False,False,False,,9b48ff4b93eb0e573f98333818208f956e39b22c08152054377433eb0b11281a
151,161,152,162,verified_closure_witness,189,42510,42321,42231.0,-279.0,-0.47619047619047616,False,0,1.02293899981305,True,True,True,True,False,False,False,,3c9538a39bddfad72c73f5cc7d460c4f3d7b5b27c19a6be4ef29b3a17df5f10d
151,208,152,209,verified_closure_witness,289,42424,42135,42231.0,-193.0,0.33217993079584773,False,0,1.2440088998991996,True,True,True,True,False,False,False,,49fbe326738f9e550fb5b54520c02a4506bc5493410a67a2a11ccfb24b228183
152,159,153,160,verified_closure_witness,126,42346,42220,42231.0,-115.0,0.0873015873015873,False,0,1.1022845001425594,True,True,True,True,False,False,False,,86493136eed35513add78f03381cb1e32d520ccaa04d82f7a33804a2423bdd85
152,160,153,161,verified_closure_witness,189,42403,42214,42231.0,-172.0,0.08994708994708994,False,0,0.8699330000672489,True,True,True,True,False,False,False,,5cfe709437ce5a71edacdaf723bdd2068b9eda62b044c5315f807b6866e26974
152,208,153,209,verified_closure_witness,272,42365,42093,42231.0,-134.0,0.5073529411764706,False,0,1.172319000121206,True,True,True,True,False,False,False,,77ae5929306079ffa5112563018c1f7f47eed88aef65ecaba8a5e106b94223a9
153,160,154,161,verified_closure_witness,230,42369,42139,42231.0,-138.0,0.4,False,0,1.082410000031814,True,True,True,True,False,False,False,,3b35189cedb3bf2f4c4742d2a4543a837d00b00c66b598afca48a80b5aeecc0c
154,160,155,161,verified_closure_witness,126,42357,42231,42231.0,-126.0,0.0,False,0,0.9416984999552369,True,True,True,True,False,False,False,,76d59f452a91688b3ea259ed0980aaef1f496de1b4e794b03a78cc8f53dfc54b
154,163,155,164,verified_closure_witness,264,42455,42191,42231.0,-224.0,0.15151515151515152,False,0,0.4255156998988241,True,True,True,True,False,False,False,,29fda9283a55b1c7118d3fee96603c27f208668fd22cf3227f1f2124324fab7a
155,161,156,162,verified_closure_witness,126,42306,42180,42231.0,-75.0,0.40476190476190477,False,0,2.3440359998494387,True,True,True,True,False,False,False,,e334ee19bbc4a933e36fa4fa2d6808c6c06880430339ca5d419a5975a3a9e088
155,162,156,163,verified_closure_witness,202,42450,42248,42231.0,-219.0,-0.08415841584158416,False,0,1.4704702999442816,True,True,True,True,False,False,False,,1ab36e16033f8ec6996be950ff6042df31795a1a9937bde9e1db43ddb83f70cb
156,161,157,162,verified_closure_witness,202,42457,42255,42231.0,-226.0,-0.1188118811881188,False,0,2.8065164000727236,True,True,True,True,False,False,False,,80c6c05648975dce6d030becd1f32bb7ba3154cd0315f36488fc4d9978497b6e
156,162,157,163,verified_closure_witness,126,42306,42180,42231.0,-75.0,0.40476190476190477,False,0,3.459681599866599,True,True,True,True,False,False,False,,d56eaa97d2731efef73a21c13db07f8d4d64ad948cd22dd4560659f780a2e70b
157,167,158,168,verified_closure_witness,378,42449,42071,42231.0,-218.0,0.42328042328042326,False,0,0.8691342999227345,True,True,True,True,False,False,False,,05655e498862c6a2f52834abdcf0890b35817b9cc44f5b89ef31e24b08ccc7b9
158,209,159,210,verified_closure_witness,261,42422,42161,42231.0,-191.0,0.2681992337164751,False,0,0.6380990000907332,True,True,True,True,False,False,False,,79d451551488a57f3e2fa94e5dc3dba6f90ba952cbca6ee8353cc2f9e98b3a4f
159,209,160,210,verified_closure_witness,242,42379,42137,42231.0,-148.0,0.3884297520661157,False,0,1.6025330000557005,True,True,True,True,False,False,False,,cb220b7dfa122aeabac58f39deae41867fee94c6b061ccbbfe1ce9ebfe83160d
164,170,165,171,verified_closure_witness,345,42465,42120,42231.0,-234.0,0.3217391304347826,False,0,3.4911345997825265,True,True,True,True,False,False,False,,fda74e8777edb84d421b477e3bfe997970281899cfeb05c7c77a7bfe1f286b4a
164,265,165,266,verified_closure_witness,398,42501,42103,42231.0,-270.0,0.32160804020100503,False,0,0.6310411000158638,True,True,True,True,False,False,False,,23731f6e2dd405068be0ebad80faebbe107c229320965295d16657e372571205
164,314,165,315,verified_closure_witness,426,42373,41947,42231.0,-142.0,0.6666666666666666,False,0,0.8064421999733895,True,True,True,True,False,False,False,,28a19651dab196c8f0b2981fafa1b191ecdcdd4418785f11ac31f784fef7457a
165,265,166,266,verified_closure_witness,469,42545,42076,42231.0,-314.0,0.3304904051172708,False,0,0.5968732999172062,True,True,True,True,False,False,False,,69eb892e7728d620ca026cfde425bf1a75e2be4bc43242b69678b812db971f59
165,268,166,269,verified_closure_witness,326,42343,42017,42231.0,-112.0,0.656441717791411,False,0,0.6123852001037449,True,True,True,True,False,False,False,,6c025bb6859d2196b9004c464c6bb9d161d13f782b9544df6856a31c4011b7fd
165,276,166,277,verified_closure_witness,473,42486,42013,42231.0,-255.0,0.4608879492600423,False,0,2.2646014001220465,True,True,True,True,False,False,False,,0c55ffd9ea4e09bc8f8a04bc2a98dba2637315c5f4b26bafa98ccd1195ccc808
167,178,168,179,verified_closure_witness,363,42363,42000,42231.0,-132.0,0.6363636363636364,False,0,0.6484727000351995,True,True,True,True,False,False,False,,d2e54af6e298ccc3469c6dd46f4029698d4013edc5bd9d08193f3aa91be04d67
168,172,169,173,verified_closure_witness,225,42293,42068,42231.0,-62.0,0.7244444444444444,False,0,0.5537839999888092,True,True,True,True,False,False,False,,4f18f32205184056aacc648c629e6cef96e582e19088a18427ca173d8b08d964
168,180,169,181,verified_closure_witness,260,42452,42192,42231.0,-221.0,0.15,False,0,1.505947600118816,True,True,True,True,False,False,False,,0979732b92a80ac5fb8915ffc8a3b06dd2b659a17a069d19cf559ca2811fcdf7
168,181,169,182,verified_closure_witness,235,42373,42138,42231.0,-142.0,0.39574468085106385,False,0,2.075935199856758,True,True,True,True,False,False,False,,da4eabcb1e090e107c8f068675c7072e3add72baf15f9377c557d6c4f7407523
169,277,170,278,verified_closure_witness,264,42304,42040,42231.0,-73.0,0.7234848484848485,False,0,0.8847790001891553,True,True,True,True,False,False,False,,4cc952bc7c3019d20f2806a84077ba640d487590493f622f41a9b6e7e94d9732
169,287,170,288,verified_closure_witness,290,42326,42036,42231.0,-95.0,0.6724137931034483,False,0,1.03749640006572,True,True,True,True,False,False,False,,c6b3be486eb3a1a6e778bdff182a3250c3b0e7e4b25384347759adb2d14dbdeb
170,276,171,277,verified_closure_witness,325,42309,41984,42231.0,-78.0,0.76,False,0,0.7699774000793695,True,True,True,True,False,False,False,,cc0b54d99c751e7ddff824f9f33b0816188e71c49bf2eccd241800e74f8e017f
170,277,171,278,verified_closure_witness,315,42330,42015,42231.0,-99.0,0.6857142857142857,False,0,1.1323289000429213,True,True,True,True,False,False,False,,9156a8177700bfe19c45b614ae6ce2781697c1d509285cea5b9065bfae87e8db
171,181,172,182,verified_closure_witness,167,42369,42202,42231.0,-138.0,0.17365269461077845,False,0,0.8189002999570221,True,True,True,True,False,False,False,,0d358b29c30a7aee5b67b88104d9ca14a6c6ba2142c9967a42cca71ac5ff8428
171,182,172,183,verified_closure_witness,155,42271,42116,42231.0,-40.0,0.7419354838709677,False,0,2.1887330999597907,True,True,True,True,False,False,False,,395b8c1e4f6f224e1008de418f7f8ad4a435c0d30be60605626c8d6a15046cd8
171,186,172,187,verified_closure_witness,184,42331,42147,42231.0,-100.0,0.45652173913043476,False,0,1.0132683999836445,True,True,True,True,False,False,False,,7c2216764bd029d3475639b55f796707f35dd39c1ceca5abd512cb9b35c88de0
172,183,173,184,verified_closure_witness,178,42324,42146,42231.0,-93.0,0.47752808988764045,False,0,2.10390009987168,True,True,True,True,False,False,False,,78fae4acd8c8fed66dea89244b25046f095352fb5555d4f38f6d199b2d5c26ef
172,186,173,187,verified_closure_witness,150,42328,42178,42231.0,-97.0,0.35333333333333333,False,0,0.7840290002059191,True,True,True,True,False,False,False,,4d02dc63f2b59bf412eda05e2de6cd4e393372d7b02e786b059855519e7bde5f
173,179,174,180,verified_closure_witness,98,42280,42182,42231.0,-49.0,0.5,False,0,0.6988788999151438,True,True,True,True,False,False,False,,63af5bfa78cea568b1676711bbcbb1cb20b3912498210bdf2744f9bc3d05e45b
173,180,174,181,verified_closure_witness,164,42430,42266,42231.0,-199.0,-0.21341463414634146,False,0,0.9715881999582052,True,True,True,True,False,False,False,,802e4a9e31a85c44bc76aa5657f2c9630f11c3246b21b90bd7c1d0e9bf3c8905
173,184,174,185,verified_closure_witness,184,42296,42112,42231.0,-65.0,0.6467391304347826,False,0,2.748842200031504,True,True,True,True,False,False,False,,cfdf20c2919225e3460a2ee5311339e47736084942f68908b8d0dc318682ceb0
173,185,174,186,verified_closure_witness,128,42284,42156,42231.0,-53.0,0.5859375,False,0,0.6419800000730902,True,True,True,True,False,False,False,,3fb7ab8648b69df02f4f7572bfd956c6c892b9d2612d217a6d75f42169384e0b
174,177,175,178,verified_closure_witness,241,42343,42102,42231.0,-112.0,0.5352697095435685,False,0,1.0247152999509126,True,True,True,True,False,False,False,,3b5be8394f168ec69a501a87fba27bfbbd6ca666be3c809a35c6849268e49e7e
174,180,175,181,verified_closure_witness,252,42487,42235,42231.0,-256.0,-0.015873015873015872,False,0,0.7811521000694484,True,True,True,True,False,False,False,,7f60dbcfab8a6e09484f0895cd3a83fbcdd74c1e78dad24e90c1b2af587b074f
175,176,176,177,verified_closure_witness,176,42322,42146,42231.0,-91.0,0.48295454545454547,False,0,1.111737199826166,True,True,True,True,False,False,False,,9796655da30b1a362afd6bfb37fc0a55031d05fb1faa634dafdc0d35660c3b0b
175,186,176,187,verified_closure_witness,118,42293,42175,42231.0,-62.0,0.4745762711864407,False,0,0.8396513999905437,True,True,True,True,False,False,False,,2d0708fb7d299e3ac69b0fba20ad0fd6a144762478087c819ea26d516be35dd2
175,187,176,188,verified_closure_witness,159,42345,42186,42231.0,-114.0,0.2830188679245283,False,0,2.1913411000277847,True,True,True,True,False,False,False,,d61dcc2b94a174524d13782bfc0deceac2f1bc833b7fca07ffad62f5fb3ef216
175,188,176,189,verified_closure_witness,176,42331,42155,42231.0,-100.0,0.4318181818181818,False,0,0.8329678999725729,True,True,True,True,False,False,False,,1f2711a46f7047bf7768dd7727c80c7fed283d226a6acf9b32b934817855c482
176,183,177,184,verified_closure_witness,70,42274,42204,42231.0,-43.0,0.38571428571428573,False,0,1.38231910020113,True,True,True,True,False,False,False,,3173ae11ca64602b2b5882a0c9b6deb32fd797a0a4d18faecd604e52dbe9dc59
176,188,177,189,verified_closure_witness,158,42278,42120,42231.0,-47.0,0.7025316455696202,False,0,0.6667951999697834,True,True,True,True,False,False,False,,b5bf8e20d32ec26fc8e7104ab248578fff4252d7f4f4d1f1c996bf52b62f79d4
176,190,177,191,verified_closure_witness,227,42297,42070,42231.0,-66.0,0.7092511013215859,False,0,1.320367599837482,True,True,True,True,False,False,False,,0de6280f416b12b9c42c6fb5b9bbf1dd44b13abebf6a5285d9d16eeb3ac96b02
177,184,178,185,verified_closure_witness,70,42265,42195,42231.0,-34.0,0.5142857142857142,False,0,1.1902293001767248,True,True,True,True,False,False,False,,12b960b39fcb6ffd54e5c8e6d5f3e6c45b3ace1cb12260567189fe0ccb8dab74
177,185,178,186,verified_closure_witness,173,42255,42082,42231.0,-24.0,0.861271676300578,False,0,2.249211800051853,True,True,True,True,False,False,False,,3f2846cfb5841a348fb529e679301a1b39921a73953ccc2de2aac4b93fee8694
178,184,179,185,verified_closure_witness,173,42335,42162,42231.0,-104.0,0.3988439306358382,False,0,2.767613200005144,True,True,True,True,False,False,False,,0969d603af340ebbf8e84190c3fa86bbb395133e0704bf0ba69894364ed072b6
178,185,179,186,verified_closure_witness,70,42265,42195,42231.0,-34.0,0.5142857142857142,False,0,1.5324802999384701,True,True,True,True,False,False,False,,5a88428865ffa00b11cce4183d2f862cce2bccbf0a686da19347a758407636db
178,194,179,195,verified_closure_witness,370,42622,42252,42231.0,-391.0,-0.05675675675675676,False,0,0.5259923001285642,True,True,True,True,False,False,False,,8751cc13836a34387268b8742d727997a26f734b987c6d108f1730d7224bbf5b
179,193,180,194,verified_closure_witness,316,42370,42054,42231.0,-139.0,0.560126582278481,False,0,1.104662800207734,True,True,True,True,False,False,False,,1153885376dfcd53af4a3ef01bc801f3db05a0ba92466ab2e18b28d78a633fd6
179,194,180,195,verified_closure_witness,332,42497,42165,42231.0,-266.0,0.19879518072289157,False,0,0.9223503998946398,True,True,True,True,False,False,False,,4a284f5e02e17513dc82a7d1802b87dded8f57e8adf239adfb21d5a2b027a4e1
180,190,181,191,verified_closure_witness,221,42434,42213,42231.0,-203.0,0.08144796380090498,False,0,0.8286161001306027,True,True,True,True,False,False,False,,ead0ba12cb667fd0f1e780d1b30660596e349b11f54a994d0cf93705bb71fb53
181,186,182,187,verified_closure_witness,179,42431,42252,42231.0,-200.0,-0.11731843575418995,False,0,1.676468700170517,True,True,True,True,False,False,False,,a1ffd8d94af1f882b568752f9e76fcf16937da6d5d97f8b31c345ea3e5505f2d
181,187,182,188,verified_closure_witness,180,42449,42269,42231.0,-218.0,-0.2111111111111111,False,0,0.722994799958542,True,True,True,True,False,False,False,,555f5c453d1b61b59e1fe5b8e7e73e176e8fa435798bd2463af631e366bae52d
181,190,182,191,verified_closure_witness,189,42363,42174,42231.0,-132.0,0.30158730158730157,False,0,0.7262460000347346,True,True,True,True,False,False,False,,86ccbe713aeff54df572f4fe5ae616600cc6353e1b6e5ca95fe5a6103a1604af
182,183,183,184,verified_closure_witness,174,42313,42139,42231.0,-82.0,0.5287356321839081,False,0,1.7673487002030015,True,True,True,True,False,False,False,,a8b260d8366843443f9a3491a5b97332842d8eab99140a24b942a9d2638191d6
182,187,183,188,verified_closure_witness,73,42273,42200,42231.0,-42.0,0.4246575342465753,False,0,0.9146076000761241,True,True,True,True,False,False,False,,a33684d27aab6dff48e829ca4f28cca3ed88a4e608039f9ba562d5543c4b9759
182,189,183,190,verified_closure_witness,149,42288,42139,42231.0,-57.0,0.6174496644295302,False,0,0.6180440001189709,True,True,True,True,False,False,False,,63d4df7fc0fc52aec3ad1443709b94b7f06250a4d1776e9b13bdda50339a8202
183,186,184,187,verified_closure_witness,174,42344,42170,42231.0,-113.0,0.3505747126436782,False,0,1.1236225001048297,True,True,True,True,False,False,False,,bd56b5a20f8c0b3e8a10c3aaeea66758b8b3df252d4d32bedc1844df915ac56e
183,187,184,188,verified_closure_witness,168,42349,42181,42231.0,-118.0,0.2976190476190476,False,0,2.6768740999978036,True,True,True,True,False,False,False,,e295d36d7afc7ac158b8f4956bf9ceb8b1b068c40e26365461038b4a5fddf298
183,189,184,190,verified_closure_witness,219,42357,42138,42231.0,-126.0,0.4246575342465753,False,0,1.6709225999657065,True,True,True,True,False,False,False,,381e36f9747b29c145c8952661a4a6fab9e8ec4b472972a6c56b28a5adae65a2
190,202,191,203,verified_closure_witness,512,42471,41959,42231.0,-240.0,0.53125,False,0,0.9732156998943537,True,True,True,True,False,False,False,,52f05104c7d11b09f808e7e4804b206ff35bce0793390fcf787aa75387970311
191,292,192,293,verified_closure_witness,247,42350,42103,42231.0,-119.0,0.5182186234817814,False,0,0.7735327000264078,True,True,True,True,False,False,False,,1ae3b5eee123821ce9c924d289cdfde62e3bab531cfd84f0016636cf33e51e0e
191,301,192,302,verified_closure_witness,287,42406,42119,42231.0,-175.0,0.3902439024390244,False,0,1.187102199997753,True,True,True,True,False,False,False,,74a1b5cd118cb145dd5c4cf9ddf35fa1fc415b96ebd4bbfeb50a71d47d7a4676
192,294,193,295,verified_closure_witness,272,42304,42032,42231.0,-73.0,0.7316176470588235,False,0,0.9114810000173748,True,True,True,True,False,False,False,,a63caaeff973ea75d6991889470c5ff6b6d34726bab8c1affb5577c1d80e27d2
192,301,193,302,verified_closure_witness,295,42284,41989,42231.0,-53.0,0.8203389830508474,False,0,0.8181050000712276,True,True,True,True,False,False,False,,c7cd4f1d371857acd55565957f5c17a9a533aaecbb2e1aaf28efb806ebd41c9c
193,203,194,204,verified_closure_witness,331,42295,41964,42231.0,-64.0,0.8066465256797583,False,0,1.2140393001027405,True,True,True,True,False,False,False,,b1d2b79c586db2775a631bebef55fb204c880f04aff3ede163dbb9cd348975d1
195,200,196,201,verified_closure_witness,150,42258,42108,42231.0,-27.0,0.82,False,0,2.999609300168231,True,True,True,True,False,False,False,,f3175177a952da3d65b102959adfe425d37045cb9acc3da55effa516eb696366
195,201,196,202,verified_closure_witness,181,42394,42213,42231.0,-163.0,0.09944751381215469,False,0,3.5847954999189824,True,True,True,True,False,False,False,,f21fcfcd3f2bc45ab0f8fad0fcf8cd0a781e6ec3ba2e9e5e01af94c24d1adba2
196,201,197,202,verified_closure_witness,150,42399,42249,42231.0,-168.0,-0.12,False,0,1.043048500083387,True,True,True,True,False,False,False,,12196b3c70915827db285950ff37e7782a573de864eacfd8b2c706475ef0e84f
196,205,197,206,verified_closure_witness,268,42371,42103,42231.0,-140.0,0.47761194029850745,False,0,0.8727408999111503,True,True,True,True,False,False,False,,aedc0e949501c2c2aa13ace3dff2cdae26c2a42c1ac0b82ee24f46a4bce28959
197,203,198,204,verified_closure_witness,389,42337,41948,42231.0,-106.0,0.7275064267352185,False,0,1.2842850999440998,True,True,True,True,False,False,False,,39f60ffd4675ccac9889f86e8164f5535aa64eaf63d0e26dfd937f6df04d4a75
198,310,199,311,verified_closure_witness,253,42374,42121,42231.0,-143.0,0.43478260869565216,False,0,1.8411370001267642,True,True,True,True,False,False,False,,5c2646e4dfa2ea4ac113a7c3db30730a29b614dcf2a199d216dfb86887dfeab0
198,311,199,312,verified_closure_witness,281,42389,42108,42231.0,-158.0,0.4377224199288256,False,0,1.301885599968955,True,True,True,True,False,False,False,,c83fa9f66279f1477e4513a1f9afd7a8a1bbab67a5f7dfda2f97de98a1474ba2
199,300,200,301,verified_closure_witness,217,42398,42181,42231.0,-167.0,0.2304147465437788,False,0,3.5509589000139385,True,True,True,True,False,False,False,,7c210b588c01a7c4e8e631e1de0547ffd4c2bbbf3d55ecd23eb97bf92d1c0331
199,301,200,302,verified_closure_witness,203,42335,42132,42231.0,-104.0,0.4876847290640394,False,0,0.7514180999714881,True,True,True,True,False,False,False,,a1f3090f28e21248d4c0f258cd29e83757b0e614f1a78f88092488c67e7b2d25
199,305,200,306,verified_closure_witness,191,42379,42188,42231.0,-148.0,0.225130890052356,False,0,0.8118310000281781,True,True,True,True,False,False,False,,af6995aec8ec6f3bd64ee04358277a9a42f6a6b30e288b98da86ea86a7543eaf
199,306,200,307,verified_closure_witness,200,42408,42208,42231.0,-177.0,0.115,False,0,2.1488758998457342,True,True,True,True,False,False,False,,ddf01ad97d8e868cb63bd47fa808031b10538efd48d70d3adbffde7e832fec91
199,310,200,311,verified_closure_witness,266,42363,42097,42231.0,-132.0,0.5037593984962406,False,0,0.6231947999913245,True,True,True,True,False,False,False,,2ed23e29840d94a85478a830a15ee76ff407e09fadb402d0cbfd298af6028835
199,311,200,312,verified_closure_witness,289,42373,42084,42231.0,-142.0,0.5086505190311419,False,0,2.1726622998248786,True,True,True,True,False,False,False,,4be4379537e56b968d40c425aae05cc780fd95511738bcb1541db2ecf4326c5a
200,205,201,206,verified_closure_witness,149,42324,42175,42231.0,-93.0,0.37583892617449666,False,0,0.8999144998379052,True,True,True,True,False,False,False,,5911c5ec512b0f87e932d15b9981e083aaedfc54cb70dc9e56913ee5884c25d3
200,206,201,207,verified_closure_witness,181,42343,42162,42231.0,-112.0,0.3812154696132597,False,0,0.9900322000030428,True,True,True,True,False,False,False,,b99dec2c1f3d8daec4f1db20f95237f1a52bb0a6309e189af14f34547ca27ed5
201,202,202,203,verified_closure_witness,561,42658,42097,42231.0,-427.0,0.23885918003565063,False,0,1.0933451999444515,True,True,True,True,False,False,False,,8e6ae6a37be3998fa85e9e548eed1e90b1a6623746cf15b9027441e6d2b33f39
201,206,202,207,verified_closure_witness,150,42250,42100,42231.0,-19.0,0.8733333333333333,False,0,0.8401053999550641,True,True,True,True,False,False,False,,6cc032b5de41e07456218a2840dbcb096d5c8ea7f84193010ce9715a673493ac
204,301,205,302,verified_closure_witness,260,42376,42116,42231.0,-145.0,0.4423076923076923,False,0,0.7022184000816196,True,True,True,True,False,False,False,,0d0ed267200a95ddbc53a4dc2d41c09cec4d79942341c664f4b254c670cc8662
204,305,205,306,verified_closure_witness,166,42366,42200,42231.0,-135.0,0.18674698795180722,False,0,2.6520340000279248,True,True,True,True,False,False,False,,f547e61f738b3846937fa907079da58fae8737c5751d1a80e3c275a29ec2e63e
210,215,211,216,verified_closure_witness,150,42261,42111,42231.0,-30.0,0.8,False,0,0.8793085999786854,True,True,True,True,False,False,False,,613007a2d91af2a6e3920f2195916c8897d8ace136d242b1e496213b9bc45077
210,216,211,217,verified_closure_witness,181,42302,42121,42231.0,-71.0,0.6077348066298343,False,0,0.632202599896118,True,True,True,True,False,False,False,,daffd2e6ad51aa19dc04fdc0ba2a0152fa1eed34d383d66b8e86ff41bd7edbdd
210,219,211,220,verified_closure_witness,299,42392,42093,42231.0,-161.0,0.46153846153846156,False,0,0.7224334999918938,True,True,True,True,False,False,False,,ee4aea55a6b1830d705b70e4ad874dd41ad3c0365fa0e29130a18a272d40d97f
211,216,212,217,verified_closure_witness,150,42277,42127,42231.0,-46.0,0.6933333333333334,False,0,0.7167263000737876,True,True,True,True,False,False,False,,925277c2c9b2b14edacf71604ea80cdaaa8e7b11faebb42b7caeb99f94e5f4d1
211,219,212,220,verified_closure_witness,268,42379,42111,42231.0,-148.0,0.44776119402985076,False,0,0.7073762000072747,True,True,True,True,False,False,False,,7c041fc9309a2a490ca020659fa041eb5613b71feb6d187d65c364c169b34b3d
213,217,214,218,verified_closure_witness,654,42420,41766,42231.0,-189.0,0.7110091743119266,False,0,0.8014965001493692,True,True,True,True,False,False,False,,86416b0686b8245ef3489ed9a2c88e4bb7d31f77430035e525ee3509d73f4c8d
213,218,214,219,verified_closure_witness,555,42274,41719,42231.0,-43.0,0.9225225225225225,False,0,0.7332202000543475,True,True,True,True,False,False,False,,e5376d8c50c7306baa617d62463b58c35bf8b4fb315080f0d17f92348c964813
213,223,214,224,verified_closure_witness,345,42296,41951,42231.0,-65.0,0.8115942028985508,False,0,1.428240500157699,True,True,True,True,False,False,False,,ae542d0e8dae17e747d2899b3aa0ab332e16d6b79209d3a6c9d7e0d7a2a7f1a4
213,226,214,227,verified_closure_witness,686,42537,41851,42231.0,-306.0,0.5539358600583091,False,0,0.7532200000714511,True,True,True,True,False,False,False,,c90569f2a33b396bd4845de0a5615114d147b9c6ca5f48835889e3b1809b99d2
214,217,215,218,verified_closure_witness,587,42378,41791,42231.0,-147.0,0.7495741056218058,False,0,0.5763317998498678,True,True,True,True,False,False,False,,019c6d9fd5e7c4bd1e6d8738e1043f637d70915afe8f128443e19710bbd91ee7
214,226,215,227,verified_closure_witness,617,42493,41876,42231.0,-262.0,0.5753646677471637,False,0,1.2031882998999208,True,True,True,True,False,False,False,,d3f04f58475a87339153bc6f049bde7f27d6f7081e15190716ed82f48e72c12d
215,219,216,220,verified_closure_witness,149,42242,42093,42231.0,-11.0,0.9261744966442953,False,0,1.8059417000040412,True,True,True,True,False,False,False,,2ced97fafbc20286d22036f400e583111563a9e0db32b120a52792dd1a3398f4
215,220,216,221,verified_closure_witness,181,42294,42113,42231.0,-63.0,0.6519337016574586,False,0,0.7288151001557708,True,True,True,True,False,False,False,,20adb974f1f646e347f4fc7caab65d0cd7c7aba6748ef2e4fd7488a25ac6922b
216,220,217,221,verified_closure_witness,150,42283,42133,42231.0,-52.0,0.6533333333333333,False,0,1.5826954999938607,True,True,True,True,False,False,False,,5a2ed345c650fb7a1e65476b89628a8d4501e531a7d866f843bc64ac3643b4c7
217,226,218,227,verified_closure_witness,331,42301,41970,42231.0,-70.0,0.7885196374622356,False,0,0.9602843001484871,True,True,True,True,False,False,False,,b8856a273ecf782c1c8615236a7c05ce66830230a57218c4b0aa7366202c2281
217,227,218,228,verified_closure_witness,363,42410,42047,42231.0,-179.0,0.5068870523415978,False,0,1.6781733999960124,True,True,True,True,False,False,False,,8a7fb834cb1b26eadfbf8c2a5d66cd131d60c06ad9df851e887e328ad4ec52de
218,221,219,222,verified_closure_witness,398,42541,42143,42231.0,-310.0,0.22110552763819097,False,0,0.8247894998639822,True,True,True,True,False,False,False,,8c514f1142a35b7fe2d92edcfcea2ad2b32a75aa151a970bfb46195d3b0acc0e
218,227,219,228,verified_closure_witness,363,42605,42242,42231.0,-374.0,-0.030303030303030304,False,0,0.7560578999109566,True,True,True,True,False,False,False,,391beec0e02f2b60d345297fe57854fb2408f51e12e2d2bdd75b03d013cf55eb
219,224,220,225,verified_closure_witness,188,42352,42164,42231.0,-121.0,0.35638297872340424,False,0,1.2056989001575857,True,True,True,True,False,False,False,,ac567344fef64060bcec1573e03ec2f157e53287cbf495d856fbf4a2c0a6e860
221,232,222,233,verified_closure_witness,235,42326,42091,42231.0,-95.0,0.5957446808510638,False,0,1.3436825000680983,True,True,True,True,False,False,False,,5e6831aac5fbaf6cc6012da5c6e8c78ee09b0763dba71acd96c00be0b827169d
221,233,222,234,verified_closure_witness,260,42381,42121,42231.0,-150.0,0.4230769230769231,False,0,0.9162734998390079,True,True,True,True,False,False,False,,a8010c128dcee3432c73dd2a2ab981a69ec95e05ffdd5c02736fec1ab09f3cca
222,226,223,227,verified_closure_witness,555,42667,42112,42231.0,-436.0,0.21441441441441442,False,0,0.7447325000539422,True,True,True,True,False,False,False,,2168dac62927b8e3fe13cd05f3db8df741942835185207abde36f5503dcd1c43
222,244,223,245,verified_closure_witness,445,42599,42154,42231.0,-368.0,0.17303370786516853,False,0,2.010152099886909,True,True,True,True,False,False,False,,aa867bec9a202afc2893fd31aff6f656ac5702bdf5f6bd456356bf18f34ce255
224,231,225,232,verified_closure_witness,142,42311,42169,42231.0,-80.0,0.43661971830985913,False,0,2.651740600122139,True,True,True,True,False,False,False,,8bb8c0baa5dd2a212e23de63efb7650a500db0bee92b5c69040e44b07db7bc28
224,238,225,239,verified_closure_witness,174,42348,42174,42231.0,-117.0,0.3275862068965517,False,0,2.2861317000351846,True,True,True,True,False,False,False,,1772b57eb280825bbc0d3603bd9790338dbe0a56883d043409b3ffa16151c376
225,233,226,234,verified_closure_witness,164,42414,42250,42231.0,-183.0,-0.11585365853658537,False,0,1.0262221999000758,True,True,True,True,False,False,False,,c066bd36a8f0d14cf68ee0c618ddcc396cc06519e316504bd2901e7f4a73dee9
225,234,226,235,verified_closure_witness,97,42302,42205,42231.0,-71.0,0.26804123711340205,False,0,0.8672887000720948,True,True,True,True,False,False,False,,cfda6f4b4ddbfd1d3fb36d6bdeaf0c135c78375612d8006b7316b45cb5950d2b
225,235,226,236,verified_closure_witness,128,42345,42217,42231.0,-114.0,0.109375,False,0,1.6621985998935997,True,True,True,True,False,False,False,,e2019ec2b7d9e72befe7516301bba27765d2d396e4f1a3ef2a13befb75d824c8
225,236,226,237,verified_closure_witness,184,42331,42147,42231.0,-100.0,0.45652173913043476,False,0,1.2546343000140041,True,True,True,True,False,False,False,,0e6574f18e6d79f580d03c62f1aee218a8cfb89aeb202e954e825ddcbecc68d7
226,228,227,229,verified_closure_witness,241,42296,42055,42231.0,-65.0,0.7302904564315352,False,0,0.7543103999923915,True,True,True,True,False,False,False,,e95bce5cf0c801f9590950dee9ec2dc79ee7bcca9f24561f8e74d4ee22632fce
226,233,227,234,verified_closure_witness,251,42470,42219,42231.0,-239.0,0.04780876494023904,False,0,0.8163757000584155,True,True,True,True,False,False,False,,466085e72488ff6354a4223469c7b34226426e91b7f2e967a64083f95dd49e26
227,235,228,236,verified_closure_witness,71,42295,42224,42231.0,-64.0,0.09859154929577464,False,0,0.735520499991253,True,True,True,True,False,False,False,,58ff8d051e127d6107ff15208574dc8116a5bfc29d5dc5769d23e4d0e541a932
227,236,228,237,verified_closure_witness,173,42366,42193,42231.0,-135.0,0.21965317919075145,False,0,0.8085248998831958,True,True,True,True,False,False,False,,89f71064850c0d1068a450642b307da44f898c9395115f1469995bbdde8a7a74
227,246,228,247,verified_closure_witness,370,42395,42025,42231.0,-164.0,0.5567567567567567,False,0,0.7253801999613643,True,True,True,True,False,False,False,,c8ee13156f4745750ac931d8a1d63472be0dc1e98d1314e0638af06f6782f237
228,235,229,236,verified_closure_witness,173,42362,42189,42231.0,-131.0,0.24277456647398843,False,0,0.9847969999536872,True,True,True,True,False,False,False,,26e1d254d1f576b2bc2eaca5e701e96f157d64d8defd5c9603c2f5678b4ce300
228,236,229,237,verified_closure_witness,71,42334,42263,42231.0,-103.0,-0.4507042253521127,False,0,1.6320458999834955,True,True,True,True,False,False,False,,2cdc7ef2c42c6a81b47c70e1a1f05cbbd0e8e3641cd43317a94658f3410a49d9
229,230,230,231,verified_closure_witness,172,42327,42155,42231.0,-96.0,0.4418604651162791,False,0,0.995345100061968,True,True,True,True,False,False,False,,f78856f35972d41507373780379273428a2e40df64aede027e6c57d26a98bbd1
229,231,230,232,verified_closure_witness,175,42345,42170,42231.0,-114.0,0.3485714285714286,False,0,0.9935480998829007,True,True,True,True,False,False,False,,ccafd2807f1703209f1852e39e513e7eb64f9016e75339d8bbf700c73ccfcdfb
229,237,230,238,verified_closure_witness,71,42299,42228,42231.0,-68.0,0.04225352112676056,False,0,1.0528984998818487,True,True,True,True,False,False,False,,dbe8d5fda5a50e2cd293b93db3e0be605e45f4af69fe3f2d83ca0485407ac083
229,239,230,240,verified_closure_witness,157,42290,42133,42231.0,-59.0,0.6242038216560509,False,0,2.172894800081849,True,True,True,True,False,False,False,,b5f5eb98d2ca4708ef709bdafa3f30345c13b038d3276f0c3d9fa6c3c185c98d
230,232,231,233,verified_closure_witness,177,42372,42195,42231.0,-141.0,0.2033898305084746,False,0,1.6625043000094593,True,True,True,True,False,False,False,,896d3d90d1ee13b8f3c9530ab3bc8f9d7f68f64a290ab47655fb9072408c71a3
230,238,231,239,verified_closure_witness,63,42278,42215,42231.0,-47.0,0.25396825396825395,False,0,1.4593432999681681,True,True,True,True,False,False,False,,6ba022745359fafce3b5f4651a0d7b243b641a4c3db71072e0f0f2cc4cc9cb04
230,239,231,240,verified_closure_witness,148,42318,42170,42231.0,-87.0,0.41216216216216217,False,0,1.2964919998776168,True,True,True,True,False,False,False,,a5dc28838fd91297e24ae97e094dc746b244f335a34696802b57c5424771965a
230,240,231,241,verified_closure_witness,179,42421,42242,42231.0,-190.0,-0.061452513966480445,False,0,1.1221735998988152,True,True,True,True,False,False,False,,4f2b773cb7b5e2a0108f9876da3df44ad9d8a28586118f40cf8a836b5121225a
231,232,232,233,verified_closure_witness,173,42400,42227,42231.0,-169.0,0.023121387283236993,False,0,0.8986275000497699,True,True,True,True,False,False,False,,e15462aa9f2b84d759833950350affccf2e56f027ab8da3a39eeec5b37c64eba
231,240,232,241,verified_closure_witness,150,42441,42291,42231.0,-210.0,-0.4,False,0,1.2777394999284297,True,True,True,True,False,False,False,,d0079fe75831f7077ba551f72305dae4f0a62c7f227da59168bbacf252840af1
231,241,232,242,verified_closure_witness,177,42416,42239,42231.0,-185.0,-0.04519774011299435,False,0,2.944152500014752,True,True,True,True,False,False,False,,8830ab1bb206cc2b20c683f6e7a53d37cb1f697e21e2aa3878bb2e43a87d4f4e
232,238,233,239,verified_closure_witness,175,42369,42194,42231.0,-138.0,0.21142857142857144,False,0,0.5374388999771327,True,True,True,True,False,False,False,,85369672ef2e365b6a2c9158e881fdf7aba9b80cf6617c24006046e2b5a027a6
232,242,233,243,verified_closure_witness,189,42330,42141,42231.0,-99.0,0.47619047619047616,False,0,0.6882798001170158,True,True,True,True,False,False,False,,ff840effc1d9905d2959fc42307979983a6829600a33ca8b831b6a64311fb051
234,245,235,246,verified_closure_witness,316,42323,42007,42231.0,-92.0,0.7088607594936709,False,0,0.9892367001157254,True,True,True,True,False,False,False,,f96d8ffa7b77f7bcb6f29f0dde0af7c55424622b9d1794b6f10bfaf70dfb9c92
234,246,235,247,verified_closure_witness,332,42367,42035,42231.0,-136.0,0.5903614457831325,False,0,0.7984422000590712,True,True,True,True,False,False,False,,8a144f2f87b4bc85f2709d8cfad04af96f4614a9f28b64659f73a786d606cba6
237,238,238,239,verified_closure_witness,173,42307,42134,42231.0,-76.0,0.5606936416184971,False,0,0.8272091001272202,True,True,True,True,False,False,False,,36893271e65f93ee8ee912c6ce78b8d31110e93fe7f9fedd71612455b1cbb57f
237,240,238,241,verified_closure_witness,162,42340,42178,42231.0,-109.0,0.3271604938271605,False,0,0.8112403000704944,True,True,True,True,False,False,False,,8c21c4521ee888af108677ec44ab4cdb2e1d09aea795026f7a9567cab5c23b6e
237,241,238,242,verified_closure_witness,195,42384,42189,42231.0,-153.0,0.2153846153846154,False,0,1.0245844998862594,True,True,True,True,False,False,False,,607e6683409ff5f97e80051c3b9e361f562313ab1a983ca3f7343e7e7bd10914
237,312,238,313,verified_closure_witness,140,42288,42148,42231.0,-57.0,0.5928571428571429,False,0,0.8923278001602739,True,True,True,True,False,False,False,,ad460b65be538102e566315d88a8b4a981d756769bbe276e35fd3f86b255a7c0
239,241,240,242,verified_closure_witness,92,42307,42215,42231.0,-76.0,0.17391304347826086,False,0,1.2567131998948753,True,True,True,True,False,False,False,,95b73126ae78d914bc43ac144f8265922caed565ab065a1c144497f66810671e
243,246,244,247,verified_closure_witness,555,42670,42115,42231.0,-439.0,0.209009009009009,False,0,2.941312100039795,True,True,True,True,False,False,False,,b81017ab090f51b43ef887beb93d22f06a0855203bfc8a4d8804e6e7081ff734
243,248,244,249,verified_closure_witness,344,42329,41985,42231.0,-98.0,0.7151162790697675,False,0,1.110751299886033,True,True,True,True,False,False,False,,a8b4ba083ad856b57f06442be7126b7df85c71adbadaa7572831e0bc24315fda
246,247,247,248,verified_closure_witness,579,42778,42199,42231.0,-547.0,0.055267702936096716,False,0,2.5042979000136256,True,True,True,True,False,False,False,,37b56d187db3e4265e07e32126117e2b2310009798f64b0a4fdc8b8176a80288
246,252,247,253,verified_closure_witness,370,42380,42010,42231.0,-149.0,0.5972972972972973,False,0,0.880452899960801,True,True,True,True,False,False,False,,b00c6e75db572ab1c44c625e977654c76c1b18b7a29001467056d247378419a4
247,251,248,252,verified_closure_witness,555,42762,42207,42231.0,-531.0,0.043243243243243246,False,0,1.8319105000700802,True,True,True,True,False,False,False,,8b98be8812080b038d57b1def13a43be965b0a6d36fc2d98e46376800da5a470
247,269,248,270,verified_closure_witness,614,42976,42362,42231.0,-745.0,-0.21335504885993486,False,0,0.9901755000464618,True,True,True,True,False,False,False,,3518f30d4e73aaaa1c8ff753ade2f9e82c5ab1d6e541a6316a16dcb34df55f7d
249,257,250,258,verified_closure_witness,172,42333,42161,42231.0,-102.0,0.4069767441860465,False,0,0.5934027000330389,True,True,True,True,False,False,False,,baf3edd987657498722d491e2083d7cde8efc6ff74a3f5b9218f52e62c5c8ab8
249,259,250,260,verified_closure_witness,229,42398,42169,42231.0,-167.0,0.27074235807860264,False,0,1.12093949993141,True,True,True,True,False,False,False,,e9ca267f20eee74efd8ad4ca8b327010e4f0ed1785ecd1787580975c4bef00c0
250,255,251,256,verified_closure_witness,128,42289,42161,42231.0,-58.0,0.546875,False,0,2.1104934997856617,True,True,True,True,False,False,False,,b42461a6cbcd3886dd6bf03612d701751864f48ff78e8639efe9bd47ef573e12
250,256,251,257,verified_closure_witness,184,42426,42242,42231.0,-195.0,-0.059782608695652176,False,0,2.890569099923596,True,True,True,True,False,False,False,,d74034ed6f232d9ea784f59cdaa078c88ca85b3526ccbdf197b4c8a85d7f64aa
250,261,251,262,verified_closure_witness,191,42398,42207,42231.0,-167.0,0.1256544502617801,False,0,0.9201003999914974,True,True,True,True,False,False,False,,a35bf03e31a94773060c9085cd5edfa85624e8834404fc3a3be6467cc1f6e829
251,253,252,254,verified_closure_witness,242,42390,42148,42231.0,-159.0,0.34297520661157027,False,0,3.4466637999285012,True,True,True,True,False,False,False,,ca06144801a0eb8685950cdf4648bc3f5afcd35d2afd7d6a70c22fbe7458cd00
252,261,253,262,verified_closure_witness,126,42377,42251,42231.0,-146.0,-0.15873015873015872,False,0,0.8836006999481469,True,True,True,True,False,False,False,,999a1b03c5f7195879234dcfb61552ddd2ab7e615a58580bfa1541a9fe7dcd24
252,262,253,263,verified_closure_witness,189,42496,42307,42231.0,-265.0,-0.4021164021164021,False,0,1.9077413999475539,True,True,True,True,False,False,False,,0d78501a86fc8e6536993ff27339a1d0e4307dd11aed09735ea398cb4d1aa496
253,260,254,261,verified_closure_witness,126,42411,42285,42231.0,-180.0,-0.42857142857142855,False,0,0.7202645000070333,True,True,True,True,False,False,False,,3a9337563e05a952be55c26ee17e5a44e2ac49ef02fb78f54eef3a82358ccd19
253,263,254,264,verified_closure_witness,189,42494,42305,42231.0,-263.0,-0.3915343915343915,False,0,3.191048299893737,True,True,True,True,False,False,False,,8759b024caa8fe626cc4117dcb75d6745cce9dc2f735546f65ccd680157b34b3
254,259,255,260,verified_closure_witness,126,42282,42156,42231.0,-51.0,0.5952380952380952,False,0,0.9075865000486374,True,True,True,True,False,False,False,,18838db566fa4a5ecc9c245a0abb2e78b0f01d4d969758b0fd2ae289978127ca
254,264,255,265,verified_closure_witness,189,42365,42176,42231.0,-134.0,0.291005291005291,False,0,1.7537438001018018,True,True,True,True,False,False,False,,3566d87b4b10bdf0c9c8847be1a5dbd32cf8634b0b62d5d1acdeb4fb33ad0575
255,262,256,263,verified_closure_witness,126,42430,42304,42231.0,-199.0,-0.5793650793650794,False,0,0.9545600998681039,True,True,True,True,False,False,False,,a2e90cd72b139f05d432ab267acf41f91861113bba3ed3397faa7bf9f6e68d8e
255,267,256,268,verified_closure_witness,189,42470,42281,42231.0,-239.0,-0.26455026455026454,False,0,0.8744566000532359,True,True,True,True,False,False,False,,feae8863f065d0994c2541bb4e5c39cedf063c338d92d24dc8a0f982dc2634f4
256,263,257,264,verified_closure_witness,126,42488,42362,42231.0,-257.0,-1.0396825396825398,False,0,2.273264199960977,True,True,True,True,False,False,False,,5df9abc902d2137fb501b886ba69e3fdd0168eddfbd7b76848d17328a29eac2b
256,266,257,267,verified_closure_witness,189,42470,42281,42231.0,-239.0,-0.26455026455026454,False,0,1.343145899940282,True,True,True,True,False,False,False,,c5b43d48107d255844392963b0df6fd69cf88f6eff4a23a0d635d1fc56f2f9ac
256,313,257,314,verified_closure_witness,289,42462,42173,42231.0,-231.0,0.20069204152249134,False,0,0.8670024999883026,True,True,True,True,False,False,False,,97c570c08379ee8b94ce549b5b2fdccfa29b46a9d5c0c4479de625f2b7f859bb
257,264,258,265,verified_closure_witness,126,42346,42220,42231.0,-115.0,0.0873015873015873,False,0,2.0985977998934686,True,True,True,True,False,False,False,,9663950f72f936f0c99c7ba242c9fdcb796c4ab78ce0a9e6e101e26846b7e6f3
257,265,258,266,verified_closure_witness,189,42351,42162,42231.0,-120.0,0.36507936507936506,False,0,0.67424749978818,True,True,True,True,False,False,False,,bfc69ad46c6c66e61b5d67bcb9bbc1079da82f46e1db3165d4e64cfa650f4eab
257,313,258,314,verified_closure_witness,272,42371,42099,42231.0,-140.0,0.4852941176470588,False,0,0.987237700028345,True,True,True,True,False,False,False,,4bddf681b04a5475b27e3ed3d8b6c1322cede73bf17393325d7640d19e0e0d0d
258,265,259,266,verified_closure_witness,230,42317,42087,42231.0,-86.0,0.6260869565217392,False,0,1.9683898000512272,True,True,True,True,False,False,False,,13091d92b2377ac554b87e0c12b264eab18ae9373a78588e1c2a121accafc003
259,265,260,266,verified_closure_witness,126,42329,42203,42231.0,-98.0,0.2222222222222222,False,0,0.6390360998921096,True,True,True,True,False,False,False,,7617fafbb77369d74ba5276b19d6282fc318ef85b52b9ea16ffbd97de27fe9f9
259,268,260,269,verified_closure_witness,264,42403,42139,42231.0,-172.0,0.3484848484848485,False,0,2.015637000091374,True,True,True,True,False,False,False,,96d482305c9e9e335c370531b7227085b65de46e2d3bd010d2bff99eb0516a8c
260,266,261,267,verified_closure_witness,126,42306,42180,42231.0,-75.0,0.40476190476190477,False,0,0.6095521000679582,True,True,True,True,False,False,False,,b8abc6c3af455b171a43bf415cd9e88d892354350fabded8ee854a83d3934e59
260,267,261,268,verified_closure_witness,202,42448,42246,42231.0,-217.0,-0.07425742574257425,False,0,1.749224399914965,True,True,True,True,False,False,False,,c938c0a3201ee0e78551e0d0288484afdebd9eee0a816397e3237f50f72a63fa
261,266,262,267,verified_closure_witness,202,42450,42248,42231.0,-219.0,-0.08415841584158416,False,0,1.5498799001798034,True,True,True,True,False,False,False,,5504c44115045d5e4d1c4f6ec32f92e1508e75269a354d4b28b07cd829903705
261,267,262,268,verified_closure_witness,126,42306,42180,42231.0,-75.0,0.40476190476190477,False,0,0.899980999995023,True,True,True,True,False,False,False,,689d44b851b63e9e3615837999d573bc06817614cfe48ce19965e7c2d2b4ca8f
262,272,263,273,verified_closure_witness,378,42509,42131,42231.0,-278.0,0.26455026455026454,False,0,1.1252987999469042,True,True,True,True,False,False,False,,e888f1db74e70ed3838b0a57be7824a77d27dce38c66a4cdc709cce4506f9b3b
263,314,264,315,verified_closure_witness,261,42414,42153,42231.0,-183.0,0.2988505747126437,False,0,1.0457877998705953,True,True,True,True,False,False,False,,30c4d2f5ca8070a30df8dd43a7b3107830478098750aa58bfb3b647ab8da4f2c
264,314,265,315,verified_closure_witness,242,42373,42131,42231.0,-142.0,0.4132231404958678,False,0,1.8480064999312162,True,True,True,True,False,False,False,,71f4e836bd8f3ce8e44bab05110a2df76385db172250a4a35326028ffd0e4bca
269,272,270,273,verified_closure_witness,555,42827,42272,42231.0,-596.0,-0.07387387387387387,False,0,0.8633238000329584,True,True,True,True,False,False,False,,fb53aa8969d2abbb38f3040fa970b8b0e2f35ce5ebc58d818afb2958625bf028
269,275,270,276,verified_closure_witness,345,42733,42388,42231.0,-502.0,-0.45507246376811594,False,0,1.0781400001142174,True,True,True,True,False,False,False,,1e7070bafa073c2a3e366799c87a85ff3e4b6d28ef1ea9d93e81d1dc883ca122
270,271,271,272,verified_closure_witness,587,42759,42172,42231.0,-528.0,0.10051107325383304,False,0,1.1038504999596626,True,True,True,True,False,False,False,,902f337ddd4b4ebda272d0e1eb56beb7e68c67ecd45a1d97705a5ec7345be7b3
270,317,271,318,verified_closure_witness,234,42324,42090,42231.0,-93.0,0.6025641025641025,False,0,1.6142579999286681,True,True,True,True,False,False,False,,a21a9fa0654ac3ee75d9444a2fcad3eef6cb5c293ee22a5856f77d47fe9ef416
272,283,273,284,verified_closure_witness,363,42365,42002,42231.0,-134.0,0.6308539944903582,False,0,2.061070099938661,True,True,True,True,False,False,False,,a634c1c42c18e894037e4ca6eda22cecab987abe3e81b45cca5888dbb9578f34
273,277,274,278,verified_closure_witness,225,42293,42068,42231.0,-62.0,0.7244444444444444,False,0,2.408003800082952,True,True,True,True,False,False,False,,0dcafe7f7769ef2232319468670cff810a885b53692824798232833496dad70d
273,285,274,286,verified_closure_witness,260,42444,42184,42231.0,-213.0,0.18076923076923077,False,0,0.9684071999508888,True,True,True,True,False,False,False,,ade21bd5b150129e619f171edbdebd7dfe268b82697186e630f3c947c8bff9d0
273,286,274,287,verified_closure_witness,235,42355,42120,42231.0,-124.0,0.4723404255319149,False,0,2.4998681999277323,True,True,True,True,False,False,False,,fa066939311aba6175be9c6dd419572b3ccb0d8e88a12d28180ef0a307c918fe
274,297,275,298,verified_closure_witness,445,42342,41897,42231.0,-111.0,0.750561797752809,False,0,1.0472909999080002,True,True,True,True,False,False,False,,6304353004c264076f1634a621a3270192fab813b2d0e8d8cd37e68bbf696bcb
275,317,276,318,verified_closure_witness,491,42583,42092,42231.0,-352.0,0.2830957230142566,False,0,2.8411807001102716,True,True,True,True,False,False,False,,449968eac0d337ec0dbb1bad95b7a6bd8d6aa0b2770a55e989ef234aa40242ee
276,286,277,287,verified_closure_witness,167,42344,42177,42231.0,-113.0,0.32335329341317365,False,0,3.1526238000951707,True,True,True,True,False,False,False,,51e7e361f5645bc8e37ebfdc6f9a5b86b23dbdf2f895dfeddb9eda8e0a34a0d1
276,287,277,288,verified_closure_witness,155,42311,42156,42231.0,-80.0,0.4838709677419355,False,0,1.0605103999841958,True,True,True,True,False,False,False,,67d4dba127e722868e54b20e42ee00e0c09d8e8eba584350845addc355062bdf
276,291,277,292,verified_closure_witness,184,42402,42218,42231.0,-171.0,0.07065217391304347,False,0,0.9432590000797063,True,True,True,True,False,False,False,,ae7c151251604f8abae0d9a73257892a46ae9b7b4dce2df2ceccd865beb30d0a
277,288,278,289,verified_closure_witness,178,42324,42146,42231.0,-93.0,0.47752808988764045,False,0,0.9941324000246823,True,True,True,True,False,False,False,,53b41790623fb65859c02cf536d03dc7f2c28bcc3550814ae4ce0afff7ad46e1
277,291,278,292,verified_closure_witness,150,42330,42180,42231.0,-99.0,0.34,False,0,0.6990670999512076,True,True,True,True,False,False,False,,4bf2c0cadcb23111174de12c327293b186fe044a149962115b3f9be9e974d40d
278,284,279,285,verified_closure_witness,98,42280,42182,42231.0,-49.0,0.5,False,0,1.835275499848649,True,True,True,True,False,False,False,,e4769a9935f3670203972fe754d78c89afa767536c14e276d367c87b82c87add
278,285,279,286,verified_closure_witness,164,42430,42266,42231.0,-199.0,-0.21341463414634146,False,0,1.2406776999123394,True,True,True,True,False,False,False,,6b67d329a450632da6574885782cd5f88f4ca97be3b1dc0391970e528a3238d8
278,289,279,290,verified_closure_witness,184,42296,42112,42231.0,-65.0,0.6467391304347826,False,0,0.8990829999092966,True,True,True,True,False,False,False,,32051fe79cf28909821c2722c3ce5a094c7bf80f8b49a08f51032a63c5bfdae6
278,290,279,291,verified_closure_witness,128,42297,42169,42231.0,-66.0,0.484375,False,0,0.802133799996227,True,True,True,True,False,False,False,,dd8f23a3740e5b34aa51ff9b8ad144a9cf0b54380dccc3960e92ea6bad975254
279,282,280,283,verified_closure_witness,241,42384,42143,42231.0,-153.0,0.3651452282157676,False,0,1.2591375999618322,True,True,True,True,False,False,False,,623e0d2b4b43a7cdad7b0fbea3171357e85241c641a0d72d65acde50eb350983
279,285,280,286,verified_closure_witness,252,42487,42235,42231.0,-256.0,-0.015873015873015872,False,0,1.5844541999977082,True,True,True,True,False,False,False,,d1973305b968bbdab08388b4062fcc3707b4bd3bc590d5b587ac8a5166e48446
280,281,281,282,verified_closure_witness,176,42328,42152,42231.0,-97.0,0.44886363636363635,False,0,1.1468245999421924,True,True,True,True,False,False,False,,5be261a908b05cc410caf62aab211b8bce7c260bc3fb86636f21c5534fef8a38
280,291,281,292,verified_closure_witness,118,42322,42204,42231.0,-91.0,0.2288135593220339,False,0,1.5205777999944985,True,True,True,True,False,False,False,,2fba27fd3db66d4a15b71e07762839233874676af81d94bbeb675603c3e8a050
280,292,281,293,verified_closure_witness,159,42374,42215,42231.0,-143.0,0.10062893081761007,False,0,2.78998599993065,True,True,True,True,False,False,False,,266bc1af676477be92ed1e8685156592af1d5fc0ab71cb7622b71010fe78345f
280,293,281,294,verified_closure_witness,176,42370,42194,42231.0,-139.0,0.21022727272727273,False,0,1.0578318000771105,True,True,True,True,False,False,False,,176170323aae86c1878ef9e8301158c7d6567a0668caf6499bb925039bca6590
281,288,282,289,verified_closure_witness,70,42263,42193,42231.0,-32.0,0.5428571428571428,False,0,0.7596820001490414,True,True,True,True,False,False,False,,cf4eff82ccad25f5a2a11370e862434f5a130aab30e1b708baacd51256aee19b
281,293,282,294,verified_closure_witness,158,42253,42095,42231.0,-22.0,0.8607594936708861,False,0,1.0074930000118911,True,True,True,True,False,False,False,,703082a9d18d1aa6c44caa1d387bb0ecf52034367ee3dc6fa464b650276abb96
281,295,282,296,verified_closure_witness,227,42272,42045,42231.0,-41.0,0.8193832599118943,False,0,0.8359490998554975,True,True,True,True,False,False,False,,1a628edade2d062223a20a216de51e060a07c99a4e50377189873838fb2a2af2
282,289,283,290,verified_closure_witness,70,42265,42195,42231.0,-34.0,0.5142857142857142,False,0,0.821732500102371,True,True,True,True,False,False,False,,738a96abca6431a0b838fcd365d14ef50e89b555c5008f31307e7dc3a68ea2a4
282,290,283,291,verified_closure_witness,173,42268,42095,42231.0,-37.0,0.7861271676300579,False,0,0.8660653000697494,True,True,True,True,False,False,False,,f7ccf7bcf2d33e46b38c7320e63db9b2d4c61b73a5b87a480c4cbfff72863882
283,289,284,290,verified_closure_witness,173,42335,42162,42231.0,-104.0,0.3988439306358382,False,0,0.7318933999631554,True,True,True,True,False,False,False,,c9cd3bbe45a461bf759b67e7c6d4f4e71622755b3513a071c516e0bfd3a9a678
283,290,284,291,verified_closure_witness,70,42265,42195,42231.0,-34.0,0.5142857142857142,False,0,0.8652329000178725,True,True,True,True,False,False,False,,85b075fc374e4319c4765e394473abeddbf9b5f62748603d5144b40de626914b
283,299,284,300,verified_closure_witness,370,42428,42058,42231.0,-197.0,0.46756756756756757,False,0,0.9700080000329763,True,True,True,True,False,False,False,,0012a961fbdf83d81926776ac6f81833d732000ef879f0c81452e19734db43a3
284,298,285,299,verified_closure_witness,316,42395,42079,42231.0,-164.0,0.4810126582278481,False,0,0.7997576999478042,True,True,True,True,False,False,False,,2e2e869c7a114226fd32e9b81b8e068432a6ab31b46005e0f81ce4768f8da959
284,299,285,300,verified_closure_witness,332,42402,42070,42231.0,-171.0,0.48493975903614456,False,0,1.0466754999943078,True,True,True,True,False,False,False,,574ccb4a2ab4689b55efe6af2ca28d1bdb46dfe7053879e4f7969722de9fc7ac
285,295,286,296,verified_closure_witness,221,42390,42169,42231.0,-159.0,0.28054298642533937,False,0,1.4101990000344813,True,True,True,True,False,False,False,,98c6cb063fc17fdc03f5c2f92f17b8f4cdae03778e02bcfef9655d598907e3e9
286,291,287,292,verified_closure_witness,179,42394,42215,42231.0,-163.0,0.0893854748603352,False,0,0.8787005001213402,True,True,True,True,False,False,False,,6aeea8a73b54c6007e3cc6d3bec01fbc0708ec53ea0067faeae8c134670a99a9
286,292,287,293,verified_closure_witness,180,42406,42226,42231.0,-175.0,0.027777777777777776,False,0,0.5299259999301285,True,True,True,True,False,False,False,,cca64b1d0292791f21d432beb2e2dba06fa5b23a1e85e2338fe2381cdac50f84
286,295,287,296,verified_closure_witness,189,42322,42133,42231.0,-91.0,0.5185185185185185,False,0,0.49353000009432435,True,True,True,True,False,False,False,,5f130b6950b61c9e71343ac2a78ebf03cbc6c47926268437dd2e27a203953982
287,288,288,289,verified_closure_witness,174,42344,42170,42231.0,-113.0,0.3505747126436782,False,0,1.0058328998275101,True,True,True,True,False,False,False,,7a3c08e2b109a717dc624a84b6c8d9889f64f4acb06dcab6acc1604059c1efb2
287,292,288,293,verified_closure_witness,73,42244,42171,42231.0,-13.0,0.821917808219178,False,0,0.8157192999497056,True,True,True,True,False,False,False,,0cf96faac3090b79a4425734dbb1e1970af046ae0c154ad8b73ef16a9c82b638
287,294,288,295,verified_closure_witness,149,42259,42110,42231.0,-28.0,0.8120805369127517,False,0,0.5493067000061274,True,True,True,True,False,False,False,,477f12cf69551f0ea687516c8b140882140ee96511e61e0732053d96fc55671f
288,291,289,292,verified_closure_witness,174,42327,42153,42231.0,-96.0,0.4482758620689655,False,0,0.8495368999429047,True,True,True,True,False,False,False,,e2c1dac8849171a53f48e30143a7967b53d3c54a860350047419fbe7a28ae6d6
288,292,289,293,verified_closure_witness,168,42332,42164,42231.0,-101.0,0.39880952380952384,False,0,0.9413646999746561,True,True,True,True,False,False,False,,fb6731c48875a2d839b2b5c3a33f7fb03b581931085f9df2b593bb558595f0cb
288,294,289,295,verified_closure_witness,219,42336,42117,42231.0,-105.0,0.5205479452054794,False,0,0.7713742000050843,True,True,True,True,False,False,False,,3ef4c718717f0cb44151007782b0355e9b7fac32f0d86b5fb95579ade019e264
295,307,296,308,verified_closure_witness,512,42532,42020,42231.0,-301.0,0.412109375,False,0,1.8862687000073493,True,True,True,True,False,False,False,,fc1173654c0f6c21053ccf9e562ab7eb58d693e77e47069ed2e8cf7bafa0156f
296,304,297,305,verified_closure_witness,344,42336,41992,42231.0,-105.0,0.6947674418604651,False,0,0.8312250999733806,True,True,True,True,False,False,False,,af73ef5aa0153dc7117bb98546531c67abc184c0777db0ed7b2bc16a6bcaff8c
296,309,297,310,verified_closure_witness,488,42418,41930,42231.0,-187.0,0.6168032786885246,False,0,0.6830672000069171,True,True,True,True,False,False,False,,ccf563d5bf4a28fb530119e45090291487c4fd49aa14d900bfe74a62fca15a98
297,309,298,310,verified_closure_witness,461,42365,41904,42231.0,-134.0,0.7093275488069414,False,0,0.6554537999909371,True,True,True,True,False,False,False,,cc818735cb7753e63cefa940591de3113303544c12060b40160dab58a33e6704
298,308,299,309,verified_closure_witness,331,42320,41989,42231.0,-89.0,0.7311178247734139,False,0,1.144538499880582,True,True,True,True,False,False,False,,df202a43755225337cb8497926ae42a20ca7edb362c811c4c4369f8b259214cf
299,303,300,304,verified_closure_witness,579,42592,42013,42231.0,-361.0,0.3765112262521589,False,0,1.2826913001481444,True,True,True,True,False,False,False,,b582cb304fd58c120fe9482c8638c33a65a8e46ed4b9724cd319b54b144341a9
300,305,301,306,verified_closure_witness,150,42258,42108,42231.0,-27.0,0.82,False,0,0.8329159000422806,True,True,True,True,False,False,False,,bd756748726badc365aebc0a7eca8e185fd9660148cf26c7b4f37be68b411373
300,306,301,307,verified_closure_witness,181,42394,42213,42231.0,-163.0,0.09944751381215469,False,0,0.7894747999962419,True,True,True,True,False,False,False,,721c95188835a9c0d91866fdca7727fcead85ee5bf3b81b80b7cd47d027657c9
301,306,302,307,verified_closure_witness,150,42364,42214,42231.0,-133.0,0.11333333333333333,False,0,0.9861741000786424,True,True,True,True,False,False,False,,b9ae0846cc9ea4198bb82126745a9c572f9d772ade81b9dee9dd3ae2a3987c33
301,310,302,311,verified_closure_witness,268,42413,42145,42231.0,-182.0,0.3208955223880597,False,0,0.7775081999134272,True,True,True,True,False,False,False,,bc6ffd6a223f57edc9b2bbacc564379238b5cc3992954faf747c2a2a57d7211d
302,308,303,309,verified_closure_witness,389,42393,42004,42231.0,-162.0,0.583547557840617,False,0,1.8058823000174016,True,True,True,True,False,False,False,,a4df347a68d726c84d0204d7ae7821459570c7b6e2c1c856be2431bec9e29a15
303,308,304,309,verified_closure_witness,555,42372,41817,42231.0,-141.0,0.745945945945946,False,0,0.6200075999367982,True,True,True,True,False,False,False,,021a0f2ea14863e76ae91ce7a4f59919679dcd59825557d3447889375f68af3d
305,310,306,311,verified_closure_witness,149,42289,42140,42231.0,-58.0,0.610738255033557,False,0,0.9440776000265032,True,True,True,True,False,False,False,,815856d35aa832a5ab0dc1240c8594f77b5d0f5f3e0917b7d3f3030b182b7fff
305,311,306,312,verified_closure_witness,181,42308,42127,42231.0,-77.0,0.574585635359116,False,0,1.2244820999912918,True,True,True,True,False,False,False,,24076d78938e412bda82d0561b45564d9ec7b9dba078393fbcbf505d488bd8f1
306,307,307,308,verified_closure_witness,561,42686,42125,42231.0,-455.0,0.1889483065953654,False,0,0.6981645000632852,True,True,True,True,False,False,False,,17e1a4aa0f5167430c67c6b48efb6a98b697ba379356ba6c4bb9c0114818fa62
306,311,307,312,verified_closure_witness,150,42250,42100,42231.0,-19.0,0.8733333333333333,False,0,0.7733781000133604,True,True,True,True,False,False,False,,3854e2b6c80ab497ebf06ba46647f98c647d093e869ba8be76d8eef093374ad1
307,309,308,310,verified_closure_witness,651,42324,41673,42231.0,-93.0,0.8571428571428571,False,0,0.6698642999399453,True,True,True,True,False,False,False,,839c7f9554fba271932a21ea2390b71f3f206536b1d6799164cfc6c0d7cdbd7f
